-- phpMyAdmin SQL Dump
-- version 5.0.2
-- https://www.phpmyadmin.net/
--
-- Anamakine: 127.0.0.1:3306
-- Üretim Zamanı: 14 Ağu 2021, 19:56:23
-- Sunucu sürümü: 5.7.31
-- PHP Sürümü: 7.3.21

SET SQL_MODE = "NO_AUTO_VALUE_ON_ZERO";
START TRANSACTION;
SET time_zone = "+00:00";


/*!40101 SET @OLD_CHARACTER_SET_CLIENT=@@CHARACTER_SET_CLIENT */;
/*!40101 SET @OLD_CHARACTER_SET_RESULTS=@@CHARACTER_SET_RESULTS */;
/*!40101 SET @OLD_COLLATION_CONNECTION=@@COLLATION_CONNECTION */;
/*!40101 SET NAMES utf8mb4 */;

--
-- Veritabanı: `offers`
--

-- --------------------------------------------------------

--
-- Tablo için tablo yapısı `ayar`
--

DROP TABLE IF EXISTS `ayar`;
CREATE TABLE IF NOT EXISTS `ayar` (
  `ayar_id` int(11) NOT NULL,
  `ayar_logo` varchar(250) COLLATE utf8_turkish_ci NOT NULL,
  `ayar_url` varchar(50) COLLATE utf8_turkish_ci NOT NULL,
  `ayar_title` varchar(250) COLLATE utf8_turkish_ci NOT NULL,
  `ayar_description` varchar(250) COLLATE utf8_turkish_ci NOT NULL,
  `ayar_keywords` varchar(50) COLLATE utf8_turkish_ci NOT NULL,
  `ayar_author` varchar(50) COLLATE utf8_turkish_ci NOT NULL,
  `ayar_tel` varchar(50) COLLATE utf8_turkish_ci NOT NULL,
  `ayar_gsm` varchar(50) COLLATE utf8_turkish_ci NOT NULL,
  `ayar_faks` varchar(50) COLLATE utf8_turkish_ci NOT NULL,
  `ayar_mail` varchar(50) COLLATE utf8_turkish_ci NOT NULL,
  `ayar_ilce` varchar(50) COLLATE utf8_turkish_ci NOT NULL,
  `ayar_il` varchar(50) COLLATE utf8_turkish_ci NOT NULL,
  `ayar_adres` varchar(250) COLLATE utf8_turkish_ci NOT NULL,
  `ayar_mesai` varchar(250) COLLATE utf8_turkish_ci NOT NULL,
  `ayar_maps` varchar(250) COLLATE utf8_turkish_ci NOT NULL,
  `ayar_analystic` varchar(50) COLLATE utf8_turkish_ci NOT NULL,
  `ayar_zopim` varchar(250) COLLATE utf8_turkish_ci NOT NULL,
  `ayar_facebook` varchar(50) COLLATE utf8_turkish_ci NOT NULL,
  `ayar_twitter` varchar(50) COLLATE utf8_turkish_ci NOT NULL,
  `ayar_google` varchar(50) COLLATE utf8_turkish_ci NOT NULL,
  `ayar_youtube` varchar(50) COLLATE utf8_turkish_ci NOT NULL,
  `ayar_smtphost` varchar(50) COLLATE utf8_turkish_ci NOT NULL,
  `ayar_smtpuser` varchar(50) COLLATE utf8_turkish_ci NOT NULL,
  `ayar_smtppassword` varchar(50) COLLATE utf8_turkish_ci NOT NULL,
  `ayar_smtpport` varchar(50) COLLATE utf8_turkish_ci NOT NULL,
  `ayar_bakim` enum('0','1') COLLATE utf8_turkish_ci NOT NULL DEFAULT '1',
  PRIMARY KEY (`ayar_id`)
) ENGINE=InnoDB DEFAULT CHARSET=utf8 COLLATE=utf8_turkish_ci;

--
-- Tablo döküm verisi `ayar`
--

INSERT INTO `ayar` (`ayar_id`, `ayar_logo`, `ayar_url`, `ayar_title`, `ayar_description`, `ayar_keywords`, `ayar_author`, `ayar_tel`, `ayar_gsm`, `ayar_faks`, `ayar_mail`, `ayar_ilce`, `ayar_il`, `ayar_adres`, `ayar_mesai`, `ayar_maps`, `ayar_analystic`, `ayar_zopim`, `ayar_facebook`, `ayar_twitter`, `ayar_google`, `ayar_youtube`, `ayar_smtphost`, `ayar_smtpuser`, `ayar_smtppassword`, `ayar_smtpport`, `ayar_bakim`) VALUES
(0, 'dimg/3085230945logo.png', 'AlimSatimcim.com', 'AlimSatimcim.com', 'Feyza  Nur Budak projesidir', 'eticaret, shopping, php, learning, student php', 'Feyza Nur Budak', '0850 840 80 76', '0850 840 80 76', '0850 840 80 76', 'info@emrahyuksel.com.tr', 'İstanbul', 'Topkapı', 'Topkapı sarayı', '7 x 24 açık eticaret scripti', 'ayar_maps_api', 'ayar_analystic', 'ayar_zopima', 'www.facebook.com', 'www.twitter.com', 'www.google.com', 'www.youtube.com', 'mail.alanadiniz.com', '', 'password', '587', '1');

-- --------------------------------------------------------

--
-- Tablo için tablo yapısı `kullanici`
--

DROP TABLE IF EXISTS `kullanici`;
CREATE TABLE IF NOT EXISTS `kullanici` (
  `kullanici_id` int(11) NOT NULL AUTO_INCREMENT,
  `kullanici_zaman` datetime NOT NULL DEFAULT CURRENT_TIMESTAMP,
  `kullanici_resim` varchar(250) COLLATE utf8_turkish_ci DEFAULT NULL,
  `kullanici_tc` varchar(50) COLLATE utf8_turkish_ci DEFAULT NULL,
  `kullanici_ad` varchar(50) COLLATE utf8_turkish_ci DEFAULT NULL,
  `kullanici_mail` varchar(100) COLLATE utf8_turkish_ci NOT NULL,
  `kullanici_gsm` varchar(50) COLLATE utf8_turkish_ci DEFAULT NULL,
  `kullanici_password` varchar(50) COLLATE utf8_turkish_ci NOT NULL,
  `kullanici_adsoyad` varchar(50) COLLATE utf8_turkish_ci NOT NULL,
  `kullanici_adres` varchar(250) COLLATE utf8_turkish_ci DEFAULT NULL,
  `kullanici_il` varchar(100) COLLATE utf8_turkish_ci DEFAULT NULL,
  `kullanici_ilce` varchar(100) COLLATE utf8_turkish_ci DEFAULT NULL,
  `kullanici_unvan` varchar(100) COLLATE utf8_turkish_ci DEFAULT NULL,
  `kullanici_yetki` varchar(50) COLLATE utf8_turkish_ci NOT NULL,
  `kullanici_durum` int(1) NOT NULL DEFAULT '1',
  PRIMARY KEY (`kullanici_id`)
) ENGINE=InnoDB AUTO_INCREMENT=156 DEFAULT CHARSET=utf8 COLLATE=utf8_turkish_ci;

--
-- Tablo döküm verisi `kullanici`
--

INSERT INTO `kullanici` (`kullanici_id`, `kullanici_zaman`, `kullanici_resim`, `kullanici_tc`, `kullanici_ad`, `kullanici_mail`, `kullanici_gsm`, `kullanici_password`, `kullanici_adsoyad`, `kullanici_adres`, `kullanici_il`, `kullanici_ilce`, `kullanici_unvan`, `kullanici_yetki`, `kullanici_durum`) VALUES
(147, '2017-07-08 15:21:45', '', '25555', '', 'info@feyzabudak.com.tr', '08508408076', 'e10adc3949ba59abbe56e057f20f883e', 'Feyza Nur Budak', '', '', '', '', '5', 1),
(151, '2021-08-13 16:22:26', '', '11112222333', 'Fnb', 'fnb@gmail.com', '', '123456', 'nur budak', '', '', '', '', '5', 1),
(152, '2017-07-08 15:21:45', '', '25555', '', 'info@feyzabudak.com.tr', '08508408076', 'e10adc3949ba59abbe56e057f20f883e', 'Feyza Nur Budak', '', '', '', '', '1', 1),
(154, '2021-08-13 18:34:53', NULL, '25559267896', NULL, 'sueda@gmail.com', NULL, '8b4cf0258846b23e0a8272bee22c38dd', 'Sueda Budak', NULL, NULL, NULL, NULL, '1', 1),
(155, '2021-08-14 22:29:11', NULL, NULL, NULL, 'a@gmail.com', NULL, '83b4ef5ae4bb360c96628aecda974200', 'ahmet kerem', NULL, NULL, NULL, NULL, '1', 1);

-- --------------------------------------------------------

--
-- Tablo için tablo yapısı `menu`
--

DROP TABLE IF EXISTS `menu`;
CREATE TABLE IF NOT EXISTS `menu` (
  `menu_id` int(11) NOT NULL AUTO_INCREMENT,
  `menu_ust` varchar(50) COLLATE utf8_turkish_ci NOT NULL,
  `menu_ad` varchar(100) COLLATE utf8_turkish_ci NOT NULL,
  `menu_detay` text COLLATE utf8_turkish_ci NOT NULL,
  `menu_url` varchar(250) COLLATE utf8_turkish_ci NOT NULL,
  `menu_sira` int(2) NOT NULL,
  `menu_durum` enum('0','1') COLLATE utf8_turkish_ci NOT NULL,
  `menu_seourl` varchar(250) COLLATE utf8_turkish_ci NOT NULL,
  PRIMARY KEY (`menu_id`)
) ENGINE=InnoDB AUTO_INCREMENT=12 DEFAULT CHARSET=utf8 COLLATE=utf8_turkish_ci;

--
-- Tablo döküm verisi `menu`
--

INSERT INTO `menu` (`menu_id`, `menu_ust`, `menu_ad`, `menu_detay`, `menu_url`, `menu_sira`, `menu_durum`, `menu_seourl`) VALUES
(1, '0', 'Hakkımızda', 'dsfsdsdsdf', 'hakkimizda', 1, '1', 'hakkimizda'),
(2, '0', 'İletişim', '', '', 2, '1', 'iletisim'),
(4, '0', 'Kategoriler', '', 'kategoriler', 3, '1', 'kategoriler'),
(6, '', 'Gizlilik Koşullarımız', '<p>Lütfen bu İnternet Sitesini kullanmadan önce aşağıdaki Kullanım Şartlarını ve Yasal Uyarıları Dikkatle Okuyun</p>\r\n\r\n<p>PepsiCo, Inc. (“PepsiCo”) İnternet sitesine hoş geldiniz. Aşağıda bu internet sitesi üzerinden bize sağlayabileceğiniz kişisel bilgilerle ilgili Gizlilik Koşullarımızı bulacaksınız. Amacımız mahremiyetinizi ve İnternet üzerinden bize sunduğunuz bilgileri korumaktır.</p>\r\n\r\n<p>PepsiCo bu internet sitesini Amerika Birleşik Devletleri’nin New York Eyaleti’nin Purchase şehrindeki ofisinden işletmektedir. Bu internet sitesiyle ilgili bütün konular Amerika Birleşik Devletleri’nin New York Eyaleti’nin kanunlarına tabidir ve onlar kapsamında yorumlanır.</p>\r\n\r\n<p>Bu internet sitesine erişerek bu Gizlilik Koşulları’nı ve bu siteye yazılmış Kullanım Şartları’nı kabul ettiğinizi belirtirsiniz.</p>\r\n\r\n<p>Bu internet sitesi 13 yaşın altındaki çocuklara yönelik değildir ve sitede 13 yaşın altındaki çocuklardan bilerek kişisel bilgi toplamayız. Eğer sitede kasıtsız olarak 13 yaşın altındaki bir ziyaretçinin kişisel bilgilerini aldığımızın farkına varırsak, bu bilgileri kayıtlarımızdan sileriz.</p>\r\n\r\n<p>Diğer Sitelere Bağlantı Verme</p>\r\n\r\n<p>Bu politika www.PepsiCo.com’u (PepsiCo’nun kurumsal internet sitesini) kapsar. İştiraklerimizden ve/veya programlarımızdan bazıları kendi, muhtemelen farklı politikalarını kendi internet sitelerine yazabilirler. Sizi o internet sitelerine bağlantı verirken o politikaları gözden geçirmeye teşvik ediyoruz.</p>\r\n\r\n<p>Topladığımız bilgiler ve onları kullanım şeklimiz</p>\r\n\r\n<p>Kişisel Bilgiler – Bu internet sitesinde kişisel bilgiler (isminiz, adresiniz, telefon numaranız ve e-posta adresiniz gibi) verebilirsiniz. Bilgileri vermek için kullanabileceğiniz bazı yöntemler ve verebileceğiniz bilgi tipleri aşağıdadır. Size bilgiyi nasıl kullanabileceğimizi de açıklayacağız.</p>\r\n\r\n<p>Bizimle İrtibat Kurun- Sitedeki “Bizimle İrtibat Kurun” bağlantısından bize e-posta gönderirseniz sorularınıza ve yorumlarınıza cevap verebilmek için sizden isminiz ve e-posta adresiniz gibi bilgiler isteriz. İlave bilgiler de verebilirsiniz.</p>\r\n\r\n<p>İçeriği Bir Arkadaşa Yolla – Bazı içerikleri arkadaşlarınıza yollayabilirsiniz. Bunu yapmak için sizden isminizi ve arkadaşınızın e-posta adresini vermenizi isteriz. Bu bilgiyi içeriği arkadaşınıza yollamak için kullanırız.</p>\r\n\r\n<p>Internet Protokolü Adresi</p>\r\n\r\n<p>Sitemizin bütün ziyaretçilerinin İnternet Protokolü adreslerini toplarız. IP adresinizi sitemizi yönetmemize yardımcı olmak için kullanırız. IP adresiniz sitemizi ne zaman ziyaret ettiğinizi belirlemek için de kullanılır.</p>\r\n\r\n<p>Sitenin “Kariyerler” Kısmı için İlave Politikalar</p>\r\n\r\n<p>Eğer bu sitenin “Kariyerler” veya “İş Fırsatları” kısımlarında kişisel bilgi verirseniz, bu bilginin kullanımı ve korunması kariyer.net internet sitesinde yazılı Kariyer.net Gizlilik Koşulları’na tabidir. Daha fazla bilgi için www.kariyer.net adresini ziyaret edin.</p>\r\n\r\n<p>Paylaştığımız Bilgiler</p>\r\n\r\n<p>İnternet sitemizin ziyaretçileri hakkındaki kişisel bilgileri burada açıklanan haller haricinde satmayız ya da başka bir suretle açıklamayız. Bu sitenin ziyaretçilerinin sağladığı bilgileri adımıza hizmetler yürütmek için tuttuğumuz hizmet sağlayıcılarla paylaşabiliriz. Bu hizmet sağlayıcıların adımıza hizmetler yürütmek ya da yasal gereksinimlere uymak için gerekli olan haller dışında bu bilgileri kullanmaları ya da açıklamaları yasaktır. Ek olarak, (i) kanunen ya da yasal bir süreç nedeniyle açıklamamız gerekiyorsa, (ii) emniyet görevlilerine ya da diğer devlet yetkililerine (iii) açıklamanın fiziksel hasarı veya mali kaybı önlemek veya şüpheli veya gerçek yasadışı faaliyete ilişkin bir soruşturmayla ilişkili olarak gerekli veya uygun olduğunu düşündüğümüz zaman hakkınızdaki bilgileri açıklayabiliriz.</p>\r\n\r\n<p>Şirketimizin ya da varlıklarımızın tamamını ya da bir kısmını satmamız ya da devretmemiz halinde hakkınızdaki bilgileri devretme hakkını saklı tutarız. Böyle bir satış ya da devir meydana gelirse, devralanı bu internet sitesinden verdiğiniz kişisel bilgileri bu Gizlilik Koşulları’na uygun bir şekilde kullanmaya teşvik etmek için makul çaba göstereceğiz.</p>\r\n\r\n<p>Aktardığımız Bilgiler</p>\r\n\r\n<p>Bu sitede topladığımız kişisel bilgileri iş yaptığımız diğer ülkelere aktarabiliriz, ama bunu sadece yukarıda açıklanmış amaçlarla yapacağız. Bilgilerinizi diğer ülkelere aktardığımız zaman uygulanabilen kanunlar aksini gerektirmediği sürece o bilgiyi burada açıklandığı gibi koruyacağız.</p>\r\n\r\n<p>Kişisel Bilgiyi Nasıl Koruruz?</p>\r\n\r\n<p>Bu internet sitesinden verdiğiniz kişisel bilgileri yetkisiz açıklanmaya, kullanıma, değiştirmeye ya da tahribata karşı korumak için idari, teknik ve fiziksel tedbirler uyguluyoruz. Bu sitede verdiğiniz kişisel bilgilerin güvenli kalması için Güvenli Şifreleme Protokolü (SSL) teknolojisini kullanıyoruz.</p>\r\n\r\n<p>Gizlilik Beyanımızın Güncellemeleri</p>\r\n\r\n<p>Bu Gizlilik Beyanı çevrimiçi bilgi uygulamalarımızdaki değişiklikleri yansıtması için periyodik olarak ve önceden size haber verilmeden güncellenebilir. Gizlilik Beyanımızdaki önemli değişiklikleri size bildirmek için bu internet sitesine bir bildirim yazacak ve en son ne zaman güncellendiğini belirteceğiz.</p>\r\n\r\n<p>Bizimle İrtibat Kurma</p>\r\n\r\n<p>Eğer bu Gizlilik Beyanı hakkında sorularınız veya yorumlarınız varsa veya siz ya da tercihleriniz hakkındaki bilgileri güncellememizi istiyorsanız lütfen aşağıda listelenen adreslerden ya da telefon numaralarından biri vasıtasıyla bizimle irtibat kurun.</p>\r\n\r\n<p>PepsiCo Türkiye</p>\r\n\r\n<p>Didem Şinik<br />\r\nAlemdağ Caddesi, Inkılap Mahallesi, Siteyolu Sokak<br />\r\nNo:2, 34768, Umraniye – Istanbul<br />\r\ne-posta: didem.sinik@pepsico.com<br />\r\nTel: +90 216 635 40 00<br />\r\nFax: +90 216 634 50 09</p>\r\n\r\n<p>PepsiCo Beverages</p>\r\n\r\n<p>Eda Gökmen Üçerler<br />\r\nTekfen Tower Büyükdere Cad. No:209, 34394 , 4. Levent – Istanbul – Türkiye<br />\r\nTel: 90(212) 319 30 00<br />\r\nFax: 90 (212) 357 01 80<br />\r\ne-posta: eda.gokmenucerler@pepsico.com</p>\r\n\r\n<p>Frito Lay</p>\r\n\r\n<p>Müge Tümer<br />\r\nAlemdağ Caddesi, Inkılap Mahallesi, Siteyolu Sokak,<br />\r\nNo:2, 34768, Ümraniye – Istanbul<br />\r\nTel: +90 216 635 40 00<br />\r\nFax: +90 216 634 50 09<br />\r\ne-posta: muge.tumer@pepsico.com</p>\r\n', '', 4, '1', 'gizlilik-kosullarimiz'),
(11, '', 'Mesafeli satış sözleşmesi', '<p>MESAFELİ SÖZLEŞMELER YÖNETMELİĞİ</p>\r\n\r\n<p>BİRİNCİ BÖLÜM</p>\r\n\r\n<p>Amaç, Kapsam, Dayanak ve Tanımlar</p>\r\n\r\n<p><strong>Amaç</strong></p>\r\n\r\n<p><strong>MADDE 1 –</strong> (1) Bu Yönetmeliğin amacı, mesafeli sözleşmelere ilişkin uygulama usul ve esaslarını düzenlemektir.</p>\r\n\r\n<p><strong>Kapsam</strong></p>\r\n\r\n<p><strong>MADDE 2 –</strong> (1) Bu Yönetmelik, mesafeli sözleşmelere uygulanır.</p>\r\n\r\n<p>(2) Bu Yönetmelik hükümleri;</p>\r\n\r\n<p>a) Finansal hizmetler,</p>\r\n\r\n<p>b) Otomatik makineler aracılığıyla yapılan satışlar,</p>\r\n\r\n<p>c) Halka açık telefon vasıtasıyla telekomünikasyon operatörleriyle bu telefonun kullanımı,</p>\r\n\r\n<p>ç) Bahis, çekiliş, piyango ve benzeri şans oyunlarına ilişkin hizmetler,</p>\r\n\r\n<p>d) Taşınmaz malların veya bu mallara ilişkin hakların oluşumu, devri veya kazanımı,</p>\r\n\r\n<p>e) Konut kiralama,</p>\r\n\r\n<p>f) Paket turlar,</p>\r\n\r\n<p>g) Devre mülk, devre tatil, uzun süreli tatil hizmeti ve bunların yeniden satımı veya değişimi,</p>\r\n\r\n<p>ğ) Yiyecek ve içecekler gibi günlük tüketim maddelerinin, satıcının düzenli teslimatları çerçevesinde tüketicinin meskenine veya işyerine götürülmesi,</p>\r\n\r\n<p>h) 5 inci maddenin birinci fıkrasının (a), (b) ve (d) bentlerindeki bilgi verme yükümlülüğü ile 18 inci ve 19 uncu maddelerde yer alan yükümlülükler saklı kalmak koşuluyla yolcu taşıma hizmetleri,</p>\r\n\r\n<p>ı) Malların montaj, bakım ve onarımı,</p>\r\n\r\n<p>i) Bakımevi hizmetleri, çocuk, yaşlı ya da hasta bakımı gibi ailelerin ve kişilerin desteklenmesine yönelik sosyal hizmetler</p>\r\n\r\n<p>ile ilgili sözleşmelere uygulanmaz.</p>\r\n\r\n<p><strong>Dayanak</strong></p>\r\n\r\n<p><strong>MADDE 3 –</strong> (1) Bu Yönetmelik, 7/11/2013 tarihli ve 6502 sayılı Tüketicinin Korunması Hakkında Kanunun 48 inci ve 84 üncü maddelerine dayanılarak hazırlanmıştır.</p>\r\n\r\n<p><strong>Tanımlar</strong></p>\r\n\r\n<p><strong>MADDE 4 –</strong> (1) Bu Yönetmeliğin uygulanmasında;</p>\r\n\r\n<p>a) Dijital içerik: Bilgisayar programı, uygulama, oyun, müzik, video ve metin gibi dijital şekilde sunulan her türlü veriyi,</p>\r\n\r\n<p>b) Hizmet: Bir ücret veya menfaat karşılığında yapılan ya da yapılması taahhüt edilen mal sağlama dışındaki her türlü tüketici işleminin konusunu,</p>\r\n\r\n<p>c) Kalıcı veri saklayıcısı: Tüketicinin gönderdiği veya kendisine gönderilen bilgiyi, bu bilginin amacına uygun olarak makul bir süre incelemesine elverecek şekilde kaydedilmesini ve değiştirilmeden kopyalanmasını sağlayan ve bu bilgiye aynen ulaşılmasına imkan veren kısa mesaj, elektronik posta, internet, disk, CD, DVD, hafıza kartı ve benzeri her türlü araç veya ortamı,</p>\r\n\r\n<p>ç) Kanun: 6502 sayılı Tüketicinin Korunması Hakkında Kanunu,</p>\r\n\r\n<p>d) Mal: Alışverişe konu olan; taşınır eşya, konut veya tatil amaçlı taşınmaz mallar ile elektronik ortamda kullanılmak üzere hazırlanan yazılım, ses, görüntü ve benzeri her türlü gayri maddi malları,</p>\r\n\r\n<p>e) Mesafeli sözleşme: Satıcı veya sağlayıcı ile tüketicinin eş zamanlı fiziksel varlığı olmaksızın, mal veya hizmetlerin uzaktan pazarlanmasına yönelik olarak oluşturulmuş bir sistem çerçevesinde, taraflar arasında sözleşmenin kurulduğu ana kadar ve kurulduğu an da dahil olmak üzere uzaktan iletişim araçlarının kullanılması suretiyle kurulan sözleşmeleri,</p>\r\n\r\n<p>f) Sağlayıcı: Kamu tüzel kişileri de dahil olmak üzere ticari veya mesleki amaçlarla tüketiciye hizmet sunan ya da hizmet sunanın adına ya da hesabına hareket eden gerçek veya tüzel kişiyi,</p>\r\n\r\n<p>g) Satıcı: Kamu tüzel kişileri de dahil olmak üzere ticari veya mesleki amaçlarla tüketiciye mal sunan ya da mal sunanın adına ya da hesabına hareket eden gerçek veya tüzel kişiyi,</p>\r\n\r\n<p>ğ) Tüketici: Ticari veya mesleki olmayan amaçlarla hareket eden gerçek veya tüzel kişiyi,</p>\r\n\r\n<p>h) Uzaktan iletişim aracı: Mektup, katalog, telefon, faks, radyo, televizyon, elektronik posta mesajı, kısa mesaj, internet gibi fiziksel olarak karşı karşıya gelinmeksizin sözleşme kurulmasına imkan veren her türlü araç veya ortamı,</p>\r\n\r\n<p>ı) Yan sözleşme: Bir mesafeli sözleşme ile ilişkili olarak satıcı, sağlayıcı ya da üçüncü bir kişi tarafından sözleşme konusu mal ya da hizmete ilave olarak tüketiciye sağlanan mal veya hizmete ilişkin sözleşmeyi</p>\r\n\r\n<p>ifade eder.</p>\r\n\r\n<p>İKİNCİ BÖLÜM</p>\r\n\r\n<p>Ön Bilgilendirme Yükümlülüğü</p>\r\n\r\n<p><strong>Ön bilgilendirme</strong></p>\r\n\r\n<p><strong>MADDE 5 –</strong> (1) Tüketici, mesafeli sözleşmenin kurulmasından ya da buna karşılık gelen herhangi bir teklifi kabul etmeden önce, aşağıdaki hususların tamamını içerecek şekilde satıcı veya sağlayıcı tarafından bilgilendirilmek zorundadır.</p>\r\n\r\n<p>a) Sözleşme konusu mal veya hizmetin temel nitelikleri,</p>\r\n\r\n<p>b) Satıcı veya sağlayıcının adı veya unvanı, varsa MERSİS numarası,</p>\r\n\r\n<p>c) Tüketicinin satıcı veya sağlayıcı ile hızlı bir şekilde irtibat kurmasına imkan veren, satıcı veya sağlayıcının açık adresi, telefon numarası ve benzeri iletişim bilgileri ile varsa satıcı veya sağlayıcının adına ya da hesabına hareket edenin kimliği ve adresi,</p>\r\n\r\n<p>ç) Satıcı veya sağlayıcının tüketicinin şikayetlerini iletmesi için (c) bendinde belirtilenden farklı iletişim bilgileri var ise, bunlara ilişkin bilgi,</p>\r\n\r\n<p>d) Mal veya hizmetin tüm vergiler dahil toplam fiyatı, niteliği itibariyle önceden hesaplanamıyorsa fiyatın hesaplanma usulü, varsa tüm nakliye, teslim ve benzeri ek masraflar ile bunların önceden hesaplanamaması halinde ek masrafların ödenebileceği bilgisi,</p>\r\n\r\n<p>e) Sözleşmenin kurulması aşamasında uzaktan iletişim aracının kullanım bedelinin olağan ücret tarifesi üzerinden hesaplanamadığı durumlarda, tüketicilere yüklenen ilave maliyet,</p>\r\n\r\n<p>f) Ödeme, teslimat, ifaya ilişkin bilgiler ile varsa bunlara ilişkin taahhütler ve satıcı veya sağlayıcının şikayetlere ilişkin çözüm yöntemleri,</p>\r\n\r\n<p>g) Cayma hakkının olduğu durumlarda, bu hakkın kullanılma şartları, süresi, usulü ve satıcının iade için öngördüğü taşıyıcıya ilişkin bilgiler,</p>\r\n\r\n<p>ğ) Cayma bildiriminin yapılacağı açık adres, faks numarası veya elektronik posta bilgileri,</p>\r\n\r\n<p>h) 15 inci madde uyarınca cayma hakkının kullanılamadığı durumlarda, tüketicinin cayma hakkından faydalanamayacağına ya da hangi koşullarda cayma hakkını kaybedeceğine ilişkin bilgi,</p>\r\n\r\n<p>ı) Satıcı veya sağlayıcının talebi üzerine, varsa tüketici tarafından ödenmesi veya sağlanması gereken depozitolar ya da diğer mali teminatlar ve bunlara ilişkin şartlar,</p>\r\n\r\n<p>i) Varsa dijital içeriklerin işlevselliğini etkileyebilecek teknik koruma önlemleri,</p>\r\n\r\n<p>j) Satıcı veya sağlayıcının bildiği ya da makul olarak bilmesinin beklendiği, dijital içeriğin hangi donanım ya da yazılımla birlikte çalışabileceğine ilişkin bilgi,</p>\r\n\r\n<p>k) Tüketicilerin uyuşmazlık konusundaki başvurularını Tüketici Mahkemesine veya Tüketici Hakem Heyetine yapabileceklerine dair bilgi.</p>\r\n\r\n<p>(2) Birinci fıkrada belirtilen bilgiler, mesafeli sözleşmenin ayrılmaz bir parçasıdır ve taraflar aksini açıkça kararlaştırmadıkça bu bilgiler değiştirilemez.</p>\r\n\r\n<p>(3) Satıcı veya sağlayıcı, birinci fıkranın (d) bendinde yer alan ek masraflara ilişkin bilgilendirme yükümlülüğünü yerine getirmezse, tüketici bunları karşılamakla yükümlü değildir.</p>\r\n\r\n<p>(4) Birinci fıkranın (d) bendinde yer alan toplam fiyatın, belirsiz süreli sözleşmelerde veya belirli süreli abonelik sözleşmelerinde, her faturalama dönemi bazında toplam masrafları içermesi zorunludur.</p>\r\n\r\n<p>(5) Açık artırma veya eksiltme yoluyla kurulan sözleşmelerde, birinci fıkranın (b), (c) ve (ç) bentlerinde yer alan bilgilerin yerine açık artırmayı yapan ile ilgili bilgilere yer verilebilir.</p>\r\n\r\n<p>(6) Ön bilgilendirme yapıldığına ilişkin ispat yükü satıcı veya sağlayıcıya aittir.</p>\r\n\r\n<p><strong>Ön bilgilendirme yöntemi</strong></p>\r\n\r\n<p><strong>MADDE 6 –</strong> (1) Tüketici, 5 inci maddenin birinci fıkrasında belirtilen tüm hususlarda, kullanılan uzaktan iletişim aracına uygun olarak en az on iki punto büyüklüğünde, anlaşılabilir bir dilde, açık, sade ve okunabilir bir şekilde satıcı veya sağlayıcı tarafından yazılı olarak veya kalıcı veri saklayıcısı ile bilgilendirilmek zorundadır.</p>\r\n\r\n<p>(2) Mesafeli sözleşmenin internet yoluyla kurulması halinde, satıcı veya sağlayıcı;</p>\r\n\r\n<p>a) 5 inci maddenin birinci fıkrasında yer alan bilgilendirme yükümlülüğü saklı kalmak kaydıyla, aynı fıkranın (a), (d), (g) ve (h) bentlerinde yer alan bilgileri bir bütün olarak, tüketicinin ödeme yükümlülüğü altına girmesinden hemen önce açık bir şekilde ayrıca göstermek,</p>\r\n\r\n<p>b) Herhangi bir gönderim kısıtlamasının uygulanıp uygulanmadığını ve hangi ödeme araçlarının kabul edildiğini, en geç tüketici siparişini vermeden önce, açık ve anlaşılabilir bir şekilde belirtmek</p>\r\n\r\n<p>zorundadır.</p>\r\n\r\n<p>(3) Mesafeli sözleşmenin sesli iletişim yoluyla kurulması halinde, satıcı veya sağlayıcı 5 inci maddenin birinci fıkrasının (a), (d), (g) ve (h) bentlerinde yer alan hususlarda, tüketiciyi sipariş vermeden hemen önce açık ve anlaşılır bir şekilde söz konusu ortamda bilgilendirmek ve 5 inci maddenin birinci fıkrasında yer alan bilgilerin tamamını en geç mal teslimine veya hizmet ifasına kadar yazılı olarak göndermek zorundadır.</p>\r\n\r\n<p>(4) Siparişe ilişkin bilgilerin sınırlı alanda ya da zamanda sunulduğu bir ortam yoluyla mesafeli sözleşmenin kurulması halinde, satıcı veya sağlayıcı 5 inci maddenin birinci fıkrasının (a), (b), (d), (g) ve (h) bentlerinde yer alan hususlarda, tüketiciyi sipariş vermeden hemen önce açık ve anlaşılabilir bir şekilde söz konusu ortamda bilgilendirmek ve 5 inci maddenin birinci fıkrasında yer alan bilgilerin tamamını en geç mal teslimine veya hizmet ifasına kadar yazılı olarak göndermek zorundadır.</p>\r\n\r\n<p>(5) Üçüncü ve dördüncü fıkralarda belirtilen yöntemlerle kurulan ve anında ifa edilen hizmet satışlarına ilişkin sözleşmelerde tüketicinin, sipariş vermeden hemen önce söz konusu ortamda 5 inci maddenin birinci fıkrasının sadece (a), (b), (d) ve (h) bentlerinde yer alan hususlarda açık ve anlaşılır bir şekilde bilgilendirilmesi yeterlidir.</p>\r\n\r\n<p><strong>Ön bilgilerin teyidi</strong></p>\r\n\r\n<p><strong>MADDE 7 –</strong> (1) Satıcı veya sağlayıcı, tüketicinin 6 ncı maddede belirtilen yöntemlerle ön bilgileri edindiğini kullanılan uzaktan iletişim aracına uygun olarak teyit etmesini sağlamak zorundadır. Aksi halde sözleşme kurulmamış sayılır.</p>\r\n\r\n<p><strong>Ön bilgilendirmeye ilişkin diğer yükümlülükler</strong></p>\r\n\r\n<p><strong>MADDE 8 –</strong> (1) Satıcı veya sağlayıcı, tüketici siparişi onaylamadan hemen önce, verilen siparişin ödeme yükümlülüğü anlamına geldiği hususunda tüketiciyi açık ve anlaşılır bir şekilde bilgilendirmek zorundadır. Aksi halde tüketici siparişi ile bağlı değildir.</p>\r\n\r\n<p>(2) Tüketicinin mesafeli sözleşme kurulması amacıyla satıcı veya sağlayıcı tarafından telefonla aranması durumunda, her görüşmenin başında satıcı veya sağlayıcı kimliğini, eğer bir başkası adına veya hesabına arıyorsa bu kişinin kimliğini ve görüşmenin ticari amacını açıklamalıdır.</p>\r\n\r\n<p>ÜÇÜNCÜ BÖLÜM</p>\r\n\r\n<p>Cayma Hakkının Kullanımı ve Tarafların Yükümlülükleri</p>\r\n\r\n<p><strong>Cayma hakkı</strong></p>\r\n\r\n<p><strong>MADDE 9 –</strong> (1) Tüketici, on dört gün içinde herhangi bir gerekçe göstermeksizin ve cezai şart ödemeksizin sözleşmeden cayma hakkına sahiptir.</p>\r\n\r\n<p>(2) Cayma hakkı süresi, hizmet ifasına ilişkin sözleşmelerde sözleşmenin kurulduğu gün; mal teslimine ilişkin sözleşmelerde ise tüketicinin veya tüketici tarafından belirlenen üçüncü kişinin malı teslim aldığı gün başlar. Ancak tüketici, sözleşmenin kurulmasından malın teslimine kadar olan süre içinde de cayma hakkını kullanabilir.</p>\r\n\r\n<p>(3) Cayma hakkı süresinin belirlenmesinde;</p>\r\n\r\n<p>a) Tek sipariş konusu olup ayrı ayrı teslim edilen mallarda, tüketicinin veya tüketici tarafından belirlenen üçüncü kişinin son malı teslim aldığı gün,</p>\r\n\r\n<p>b) Birden fazla parçadan oluşan mallarda, tüketicinin veya tüketici tarafından belirlenen üçüncü kişinin son parçayı teslim aldığı gün,</p>\r\n\r\n<p>c) Belirli bir süre boyunca malın düzenli tesliminin yapıldığı sözleşmelerde, tüketicinin veya tüketici tarafından belirlenen üçüncü kişinin ilk malı teslim aldığı gün</p>\r\n\r\n<p>esas alınır.</p>\r\n\r\n<p>(4) Malın satıcı tarafından taşıyıcıya teslimi, tüketiciye yapılan teslim olarak kabul edilmez.</p>\r\n\r\n<p>(5) Mal teslimi ile hizmet ifasının birlikte yapıldığı sözleşmelerde, mal teslimine ilişkin cayma hakkı hükümleri uygulanır.</p>\r\n\r\n<p><strong>Eksik bilgilendirme</strong></p>\r\n\r\n<p><strong>MADDE 10 –</strong> (1) Satıcı veya sağlayıcı, cayma hakkı konusunda tüketicinin bilgilendirildiğini ispat etmekle yükümlüdür. Tüketici, cayma hakkı konusunda gerektiği şekilde bilgilendirilmezse, cayma hakkını kullanmak için on dört günlük süreyle bağlı değildir. Bu süre her halükarda cayma süresinin bittiği tarihten itibaren bir yıl sonra sona erer.</p>\r\n\r\n<p>(2) Cayma hakkı konusunda gerektiği şekilde bilgilendirmenin bir yıllık süre içinde yapılması halinde, on dört günlük cayma hakkı süresi, bu bilgilendirmenin gereği gibi yapıldığı günden itibaren işlemeye başlar.</p>\r\n\r\n<p><strong>Cayma hakkının kullanımı</strong></p>\r\n\r\n<p><strong>MADDE 11 –</strong> (1) Cayma hakkının kullanıldığına dair bildirimin cayma hakkı süresi dolmadan, yazılı olarak veya kalıcı veri saklayıcısı ile satıcı veya sağlayıcıya yöneltilmesi yeterlidir.</p>\r\n\r\n<p>(2) Cayma hakkının kullanılmasında tüketici, EK’te yer alan formu kullanabileceği gibi cayma kararını bildiren açık bir beyanda da bulunabilir. Satıcı veya sağlayıcı, tüketicinin bu formu doldurabilmesi veya cayma beyanını gönderebilmesi için internet sitesi üzerinden seçenek de sunabilir.  İnternet sitesi üzerinden tüketicilere cayma hakkı sunulması durumunda satıcı veya sağlayıcı, tüketicilerin iletmiş olduğu cayma taleplerinin kendilerine ulaştığına ilişkin teyit bilgisini tüketiciye derhal iletmek zorundadır.</p>\r\n\r\n<p>(3) Sesli iletişim yoluyla yapılan satışlarda, satıcı veya sağlayıcı, EK’te yer alan formu en geç mal teslimine veya hizmet ifasına kadar tüketiciye göndermek zorundadır. Tüketici bu tür satışlarda da cayma hakkını kullanmak için bu formu kullanabileceği gibi, ikinci fıkradaki yöntemleri de kullanabilir.</p>\r\n\r\n<p>(4) Bu maddede geçen cayma hakkının kullanımına ilişkin ispat yükümlülüğü tüketiciye aittir.</p>\r\n\r\n<p><strong>Satıcı veya sağlayıcının yükümlülükleri</strong></p>\r\n\r\n<p><strong>MADDE 12 –</strong> (1) Satıcı veya sağlayıcı, tüketicinin cayma hakkını kullandığına ilişkin bildirimin kendisine ulaştığı tarihten itibaren on dört gün içinde, varsa malın tüketiciye teslim masrafları da dahil olmak üzere tahsil edilen tüm ödemeleri iade etmekle yükümlüdür.</p>\r\n\r\n<p>(2) Satıcı veya sağlayıcı, birinci fıkrada belirtilen tüm geri ödemeleri, tüketicinin satın alırken kullandığı ödeme aracına uygun bir şekilde ve tüketiciye herhangi bir masraf veya yükümlülük getirmeden tek seferde yapmak zorundadır.</p>\r\n\r\n<p>(3) Cayma hakkının kullanımında, 5 inci maddenin birinci fıkrasının (g) bendi kapsamında, satıcının iade için belirttiği taşıyıcı aracılığıyla malın geri gönderilmesi halinde, tüketici iadeye ilişkin masraflardan sorumlu tutulamaz. Satıcının ön bilgilendirmede iade için herhangi bir taşıyıcıyı belirtmediği durumda ise, tüketiciden iade masrafına ilişkin herhangi bir bedel talep edilemez. İade için ön bilgilendirmede belirtilen taşıyıcının, tüketicinin bulunduğu yerde şubesinin olmaması durumunda satıcı, ilave hiçbir masraf talep etmeksizin iade edilmek istenen malın tüketiciden alınmasını sağlamakla yükümlüdür.</p>\r\n\r\n<p><strong>Tüketicinin yükümlülükleri</strong></p>\r\n\r\n<p><strong>MADDE 13 –</strong> (1) Satıcı veya sağlayıcı malı kendisinin geri alacağına dair bir teklifte bulunmadıkça, tüketici cayma hakkını kullandığına ilişkin bildirimi yönelttiği tarihten itibaren on gün içinde malı satıcı veya sağlayıcıya ya da yetkilendirmiş olduğu kişiye geri göndermek zorundadır.</p>\r\n\r\n<p>(2) Tüketici, cayma süresi içinde malı, işleyişine, teknik özelliklerine ve kullanım talimatlarına uygun bir şekilde kullandığı takdirde meydana gelen değişiklik ve bozulmalardan sorumlu değildir.</p>\r\n\r\n<p><strong>Cayma hakkının kullanımının yan sözleşmelere etkisi</strong></p>\r\n\r\n<p><strong>MADDE 14 –</strong> (1) Kanunun 30 uncu maddesi hükümleri saklı kalmak koşuluyla, tüketicinin cayma hakkını kullanması durumunda yan sözleşmeler de kendiliğinden sona erer. Bu durumda tüketici, 13 üncü maddenin ikinci fıkrasında belirtilen haller dışında herhangi bir masraf, tazminat veya cezai şart ödemekle yükümlü değildir.</p>\r\n\r\n<p>(2) Satıcı veya sağlayıcı, tüketicinin cayma hakkını kullandığını yan sözleşmenin tarafı olan üçüncü kişiye derhal bildirmelidir.</p>\r\n\r\n<p><strong>Cayma hakkının istisnaları</strong></p>\r\n\r\n<p><strong>MADDE 15 –</strong> (1) Taraflarca aksi kararlaştırılmadıkça, tüketici aşağıdaki sözleşmelerde cayma hakkını kullanamaz:</p>\r\n\r\n<p>a) Fiyatı finansal piyasalardaki dalgalanmalara bağlı olarak değişen ve satıcı veya sağlayıcının kontrolünde olmayan mal veya hizmetlere ilişkin sözleşmeler.</p>\r\n\r\n<p>b) Tüketicinin istekleri veya kişisel ihtiyaçları doğrultusunda hazırlanan mallara ilişkin sözleşmeler.</p>\r\n\r\n<p>c) Çabuk bozulabilen veya son kullanma tarihi geçebilecek malların teslimine ilişkin sözleşmeler.</p>\r\n\r\n<p>ç) Tesliminden sonra ambalaj, bant, mühür, paket gibi koruyucu unsurları açılmış olan mallardan; iadesi sağlık ve hijyen açısından uygun olmayanların teslimine ilişkin sözleşmeler.</p>\r\n\r\n<p>d) Tesliminden sonra başka ürünlerle karışan ve doğası gereği ayrıştırılması mümkün olmayan mallara ilişkin sözleşmeler.</p>\r\n\r\n<p>e) Malın tesliminden sonra ambalaj, bant, mühür, paket gibi koruyucu unsurları açılmış olması halinde maddi ortamda sunulan kitap, dijital içerik ve bilgisayar sarf malzemelerine ilişkin sözleşmeler.</p>\r\n\r\n<p>f) Abonelik sözleşmesi kapsamında sağlananlar dışında, gazete ve dergi gibi süreli yayınların teslimine ilişkin sözleşmeler.</p>\r\n\r\n<p>g) Belirli bir tarihte veya dönemde yapılması gereken, konaklama, eşya taşıma, araba kiralama, yiyecek-içecek tedariki ve eğlence veya dinlenme amacıyla yapılan boş zamanın değerlendirilmesine ilişkin sözleşmeler.</p>\r\n\r\n<p>ğ) Elektronik ortamda anında ifa edilen hizmetler veya tüketiciye anında teslim edilen gayrimaddi mallara ilişkin sözleşmeler.</p>\r\n\r\n<p>h) Cayma hakkı süresi sona ermeden önce, tüketicinin onayı ile ifasına başlanan hizmetlere ilişkin sözleşmeler.</p>\r\n\r\n<p>DÖRDÜNCÜ BÖLÜM</p>\r\n\r\n<p>Diğer Hükümler</p>\r\n\r\n<p><strong>Sözleşmenin ifası ve teslimat</strong></p>\r\n\r\n<p><strong>MADDE 16 –</strong> (1) Satıcı veya sağlayıcı, tüketicinin siparişinin kendisine ulaştığı tarihten itibaren taahhüt ettiği süre içinde edimini yerine getirmek zorundadır. Mal satışlarında bu süre her halükarda otuz günü geçemez.</p>\r\n\r\n<p>(2) Satıcı veya sağlayıcının birinci fıkrada yer alan yükümlülüğünü yerine getirmemesi durumunda, tüketici sözleşmeyi feshedebilir.</p>\r\n\r\n<p>(3) Sözleşmenin feshi durumunda, satıcı veya sağlayıcı, varsa teslimat masrafları da dâhil olmak üzere tahsil edilen tüm ödemeleri fesih bildiriminin kendisine ulaştığı tarihten itibaren on dört gün içinde tüketiciye 4/12/1984tarihli ve 3095 sayılı Kanuni Faiz ve Temerrüt Faizine İlişkin Kanunun 1 inci maddesine göre belirlenen kanuni faiziyle birlikte geri ödemek ve varsa tüketiciyi borç altına sokan tüm kıymetli evrak ve benzeri belgeleri iade etmek zorundadır.</p>\r\n\r\n<p>(4) Sipariş konusu mal ya da hizmet ediminin yerine getirilmesinin imkansızlaştığı hallerde satıcı veya sağlayıcının bu durumu öğrendiği tarihten itibaren üç gün içinde tüketiciye yazılı olarak veya kalıcı veri saklayıcısı ile bildirmesi ve varsa teslimat masrafları da dâhil olmak üzere tahsil edilen tüm ödemeleri bildirim tarihinden itibaren en geç on dört gün içinde iade etmesi zorunludur. Malın stokta bulunmaması durumu, mal ediminin yerine getirilmesinin imkânsızlaşması olarak kabul edilmez.</p>\r\n\r\n<p><strong>Zarardan sorumluluk</strong></p>\r\n\r\n<p><strong>MADDE 17 –</strong> (1) Satıcı, malın tüketici ya da tüketicinin taşıyıcı dışında belirleyeceği üçüncü bir kişiye teslimine kadar oluşan kayıp ve hasarlardan sorumludur.</p>\r\n\r\n<p>(2) Tüketicinin, satıcının belirlediği taşıyıcı dışında başka bir taşıyıcı ile malın gönderilmesini talep etmesi durumunda, malın ilgili taşıyıcıya tesliminden itibaren oluşabilecek kayıp ya da hasardan satıcı sorumlu değildir.</p>\r\n\r\n<p><strong>Telefon kullanım ücreti</strong></p>\r\n\r\n<p><strong>MADDE 18 –</strong> (1) Kurulmuş olan sözleşmeye ilişkin olarak tüketicilerin iletişime geçebilmesi için satıcı veya sağlayıcı tarafından bir telefon hattı tahsis edilmesi durumunda, bu hat ile ilgili olarak satıcı veya sağlayıcı olağan ücret tarifesinden daha yüksek bir tarife seçemez.</p>\r\n\r\n<p><strong>İlave ödemeler</strong></p>\r\n\r\n<p><strong>MADDE 19 –</strong> (1) Sözleşme kurulmadan önce, sözleşme yükümlülüğünden kaynaklanan ve üzerinde anlaşılmış esas bedel dışında herhangi bir ilave bedel talep edilebilmesi için tüketicinin açık onayının ayrıca alınması zorunludur.</p>\r\n\r\n<p>(2) Tüketicinin açık onayı alınmadan ilave ödeme yükümlülüğü doğuran seçeneklerin kendiliğinden seçili olarak sunulmuş olmasından dolayı tüketici bir ödemede bulunmuş ise, satıcı veya sağlayıcı bu ödemelerin iadesini derhal yapmak zorundadır.</p>\r\n\r\n<p><strong>Bilgilerin saklanması ve ispat yükümlülüğü</strong></p>\r\n\r\n<p><strong>MADDE 20 −</strong> (1) Satıcı veya sağlayıcı, bu Yönetmelik kapsamında düzenlenen cayma hakkı, bilgilendirme, teslimat ve diğer hususlardaki yükümlülüklerine dair her bir işleme ilişkin bilgi ve belgeyi üç yıl boyunca saklamak zorundadır.</p>\r\n\r\n<p>(2) Oluşturdukları sistem çerçevesinde, uzaktan iletişim araçlarını kullanmak veya kullandırmak suretiyle satıcı veya sağlayıcı adına mesafeli sözleşme kurulmasına aracılık edenler, bu Yönetmelikte yer alan hususlardan dolayı satıcı veya sağlayıcı ile yapılan işlemlere ilişkin kayıtları üç yıl boyunca tutmak ve istenilmesi halinde bu bilgileri ilgili kurum, kuruluş ve tüketicilere vermekle yükümlüdür.</p>\r\n\r\n<p>(3) Satıcı veya sağlayıcı elektronik ortamda tüketiciye teslim edilen gayrimaddi malların veya ifa edilen hizmetlerin ayıpsız olduğunu ispatla yükümlüdür.</p>\r\n\r\n<p>BEŞİNCİ BÖLÜM</p>\r\n\r\n<p>Çeşitli ve Son Hükümler</p>\r\n\r\n<p><strong>Yürürlükten kaldırılan yönetmelik</strong></p>\r\n\r\n<p><strong>MADDE 21 –</strong> (1) 6/3/2011 tarihli ve 27866 sayılı Resmî Gazete’de yayımlanan Mesafeli Sözleşmelere Dair Yönetmelik yürürlükten kaldırılmıştır.</p>\r\n\r\n<p><strong>Yürürlük</strong></p>\r\n\r\n<p><strong>MADDE 22 –</strong> (1) Bu Yönetmelik yayımı tarihinden itibaren üç ay sonra yürürlüğe girer.</p>\r\n\r\n<p><strong>Yürütme</strong></p>\r\n\r\n<p><strong>MADDE 23 –</strong> (1) Bu Yönetmelik hükümlerini Gümrük ve Ticaret Bakanı yürütür.</p>\r\n\r\n<p> </p>\r\n\r\n<p> </p>\r\n\r\n<p>EK</p>\r\n\r\n<p>ÖRNEK CAYMA FORMU</p>\r\n\r\n<p> </p>\r\n\r\n<p>(Bu form, sadece sözleşmeden cayma hakkı kullanılmak istenildiğinde doldurup</p>\r\n\r\n<p>gönderilecektir.)</p>\r\n\r\n<p> </p>\r\n\r\n<p> </p>\r\n\r\n<p><strong>-Kime:</strong> (Satıcı veya sağlayıcı tarafından doldurulacak olan bu kısımda satıcı veya sağlayıcının ismi, unvanı, adresi varsa faks numarası ve e-posta adresi yer alacaktır.)</p>\r\n\r\n<p> </p>\r\n\r\n<p> </p>\r\n\r\n<p>-Bu formla aşağıdaki malların satışına veya hizmetlerin sunulmasına ilişkin sözleşmeden cayma hakkımı kullandığımı beyan ederim.</p>\r\n\r\n<p> </p>\r\n\r\n<p> </p>\r\n\r\n<p><strong>-Sipariş tarihi veya teslim tarihi:</strong></p>\r\n\r\n<p> </p>\r\n\r\n<p> </p>\r\n\r\n<p><strong>-Cayma hakkına konu mal veya hizmet:</strong></p>\r\n\r\n<p> </p>\r\n\r\n<p> </p>\r\n\r\n<p><strong>-Cayma hakkına konu mal veya hizmetin bedeli:</strong></p>\r\n\r\n<p> </p>\r\n\r\n<p> </p>\r\n\r\n<p><strong>-Tüketicinin adı ve soyadı:</strong></p>\r\n\r\n<p> </p>\r\n\r\n<p> </p>\r\n\r\n<p><strong>-Tüketicinin adresi:</strong></p>\r\n\r\n<p> </p>\r\n\r\n<p> </p>\r\n\r\n<p><strong>-Tüketicinin imzası:</strong> (Sadece kağıt üzerinde gönderilmesi halinde)</p>\r\n\r\n<p> </p>\r\n\r\n<p> </p>\r\n\r\n<p><strong>-Tarih:</strong></p>\r\n\r\n<p> </p>\r\n', '', 5, '0', 'mesafeli-satis-sozlesmesi');

-- --------------------------------------------------------

--
-- Tablo için tablo yapısı `offers`
--

DROP TABLE IF EXISTS `offers`;
CREATE TABLE IF NOT EXISTS `offers` (
  `offers_id` int(11) NOT NULL AUTO_INCREMENT COMMENT 'Teklif Id si',
  `productId` int(11) DEFAULT NULL COMMENT 'Ürün Id si',
  `kullanici_id` int(11) NOT NULL,
  `offerHead` varchar(255) COLLATE utf8_turkish_ci DEFAULT NULL COMMENT 'Teklif açıklaması',
  `offerValue` varchar(255) COLLATE utf8_turkish_ci DEFAULT NULL COMMENT 'Teklif para değeri',
  `offerCreateTime` timestamp NULL DEFAULT CURRENT_TIMESTAMP COMMENT 'Teklif Oluşturulma Tarihi',
  `teklif_onay` enum('0','1') COLLATE utf8_turkish_ci NOT NULL DEFAULT '0',
  PRIMARY KEY (`offers_id`) USING BTREE,
  KEY `productId` (`productId`) USING BTREE
) ENGINE=InnoDB AUTO_INCREMENT=23 DEFAULT CHARSET=utf8 COLLATE=utf8_turkish_ci ROW_FORMAT=DYNAMIC;

--
-- Tablo döküm verisi `offers`
--

INSERT INTO `offers` (`offers_id`, `productId`, `kullanici_id`, `offerHead`, `offerValue`, `offerCreateTime`, `teklif_onay`) VALUES
(12, 30, 147, 'jdnjfdnxjv', '777', '2021-08-14 15:45:20', '1'),
(13, 30, 147, 'dfnfdngjnfd', '444', '2021-08-14 15:50:41', '0'),
(17, 30, 147, 'llslslslsl', '3333', '2021-08-14 16:23:06', '0'),
(18, 34, 147, 'tane başına fiyatıdır tl cinsndendir', '500', '2021-08-14 17:33:11', '0'),
(20, 19, 147, 'Lorem Ipsum is simply dummy text of the printing and typesetting industry. Lorem Ipsum has been the industry\'s standard dummy text ever since the 1500s, when an unknown printer took a galley of ', '450', '2021-08-14 17:52:27', '0'),
(21, 33, 155, 'teklifim en yüksek budur', '888', '2021-08-14 19:35:56', '0'),
(22, 34, 155, 'son teklifimdir', '650', '2021-08-14 19:50:38', '0');

-- --------------------------------------------------------

--
-- Tablo için tablo yapısı `productcategories`
--

DROP TABLE IF EXISTS `productcategories`;
CREATE TABLE IF NOT EXISTS `productcategories` (
  `id` int(11) NOT NULL AUTO_INCREMENT COMMENT 'Ürün Kategori Id si',
  `category` varchar(255) COLLATE utf8_turkish_ci DEFAULT NULL COMMENT 'Ürün Kategori Değeri',
  `kategori_ust` int(2) NOT NULL,
  `kategori_seourl` varchar(250) COLLATE utf8_turkish_ci NOT NULL,
  `kategori_sira` int(2) NOT NULL,
  `kategori_durum` enum('0','1') COLLATE utf8_turkish_ci NOT NULL DEFAULT '1',
  PRIMARY KEY (`id`) USING BTREE
) ENGINE=InnoDB AUTO_INCREMENT=14 DEFAULT CHARSET=utf8 COLLATE=utf8_turkish_ci ROW_FORMAT=DYNAMIC;

--
-- Tablo döküm verisi `productcategories`
--

INSERT INTO `productcategories` (`id`, `category`, `kategori_ust`, `kategori_seourl`, `kategori_sira`, `kategori_durum`) VALUES
(1, 'DEMİR ÇELİK', 0, 'demir-celik', 0, '1'),
(2, 'ELEKTRONİK MALZEMELERİ ', 0, 'elektronik-malzemeleri', 1, '1'),
(3, 'ELEKTRİK MOTORLARI', 0, 'elektrik-motorlari', 2, '1'),
(4, 'REDÜKTÖR', 0, 'reduktor', 3, '1'),
(5, 'RULMAN, KEÇE VE KAYIŞ', 0, 'rulman-kece-ve-kayis', 4, '1'),
(6, 'HIRDAVAT', 0, 'hirdavat', 5, '1'),
(7, 'LAZER KESİM VE PLAZMA ÜRÜNLERİ', 0, 'lazer-kesim-ve-plazma-urunleri', 6, '1'),
(8, 'SANAYİ MAKİNALARI', 0, 'sanayi-makinalari', 7, '1'),
(9, 'KALIP SANAYİ', 0, 'kalip-sanayi', 8, '1'),
(10, 'DİŞLİ SANAYİ', 0, 'disli-sanayi', 9, '1'),
(11, 'ALÜMİNYUM', 0, 'aluminyum', 10, '1');

-- --------------------------------------------------------

--
-- Tablo için tablo yapısı `products`
--

DROP TABLE IF EXISTS `products`;
CREATE TABLE IF NOT EXISTS `products` (
  `urun_id` int(11) NOT NULL AUTO_INCREMENT COMMENT 'Ürün Id si',
  `categoryId` int(11) DEFAULT NULL COMMENT 'Ürünün bağlı olduğu kategori id si',
  `productName` varchar(255) COLLATE utf8_turkish_ci DEFAULT NULL COMMENT 'Ürün adı',
  `offerCreateTime` datetime DEFAULT NULL COMMENT 'Ürün Teklif Oluşturabilme Tarihi',
  `offerFinishedTime` datetime DEFAULT NULL COMMENT 'Ürün teklif süre sonu tarihi',
  `productImage` varchar(255) COLLATE utf8_turkish_ci DEFAULT NULL COMMENT 'Ürün resim alanı',
  `productDescription` text COLLATE utf8_turkish_ci COMMENT 'Ürün açıklaması',
  `productSubDescription` text COLLATE utf8_turkish_ci COMMENT 'Ürün alt açıklaması',
  `urun_durum` enum('0','1') COLLATE utf8_turkish_ci NOT NULL DEFAULT '1',
  `urun_seourl` varchar(250) COLLATE utf8_turkish_ci DEFAULT NULL,
  `urun_onecikar` enum('0','1') COLLATE utf8_turkish_ci NOT NULL DEFAULT '0',
  PRIMARY KEY (`urun_id`) USING BTREE,
  KEY `categoryId` (`categoryId`) USING BTREE
) ENGINE=InnoDB AUTO_INCREMENT=35 DEFAULT CHARSET=utf8 COLLATE=utf8_turkish_ci ROW_FORMAT=DYNAMIC;

--
-- Tablo döküm verisi `products`
--

INSERT INTO `products` (`urun_id`, `categoryId`, `productName`, `offerCreateTime`, `offerFinishedTime`, `productImage`, `productDescription`, `productSubDescription`, `urun_durum`, `urun_seourl`, `urun_onecikar`) VALUES
(1, 1, 'transpalet baskül', '2020-06-02 21:48:54', '2020-08-08 21:48:59', 'http://alimsatimcim.com/mobil/874223191.jpeg', 'Ladipiscing elit. Ut risus urna, mattis i ultrices arcu purus eget libero. Mauris sed enim euismod, volutpat ligula vitae, fermentum orci.', 'Suspendisse a ipsum vestibulum, hendrerit velit et, elementum est. Morbi dictum purus eu mauris pretium auctor. Nulla vitae metus eget dui vestibulum maximus at a augue. Class aptent taciti sociosqu ad litora torquent per conubia nostra, per inceptos himenaeos. Donec scelerisque hendrerit nulla, id efficitur lacus posuere vitae. Class aptent taciti sociosqu ad litora torquent per conubia nostra, per inceptos himenaeos. Etiam nunc nunc, porttitor ac enim a, tempor mattis nunc. Duis tristique volutpat tempor. Fusce viverra elit non orci porttitor elementum.\r\n\r\nProin sed mollis lorem. Integer laoreet euismod nunc, in dictum nisl rutrum vel. Etiam rhoncus ornare nulla ut placerat. Vestibulum ante eros, faucibus sed orci vel, luctus lobortis leo. Proin id mauris et enim finibus tristique non at nisi. Nam tincidunt ultrices orci, non posuere erat tristique id. Praesent mauris quam, faucibus id diam at, interdum tincidunt nunc. Donec massa libero, fringilla sed est at, bibendum rhoncus nisl. Sed lectus justo, pulvinar ut ante ac, bibendum fermentum mi. Nullam a orci ut sapien malesuada rutrum. Cras ex metus, venenatis sit amet tristique a, laoreet ac diam. Donec lobortis sodales lorem a tincidunt. Cras ut hendrerit mauris. Nulla facilisi. Nam nec eros lobortis leo maximus mattis a a nulla. Etiam posuere, ante sit amet sagittis sollicitudin, diam elit laoreet neque, non sagittis mi leo quis massa.', '1', 'transpalet-baskul', '0'),
(2, 11, 'sert alüminyum numune kabı', '2020-05-02 21:48:54', '2020-05-07 21:48:54', 'http://alimsatimcim.com/mobil/874223191.jpeg', 'Lorem ipsum dolor sit amet, consectetur adipiscing elit. Ut risus urna, mattis in dapibus ac, euismod sed enim. Pellentesque in cursus orci. Nunc nec risus eu turpis ullamcorper placerat. Suspendisse aliquam, elit ut lobortis euismod, felis nisi pretium lectus, et ultrices arcu purus eget libero. Mauris sed enim euismod, volutpat ligula vitae, fermentum orci.', 'Suspendisse a ipsum vestibulum, hendrerit velit et, elementum est. Morbi dictum purus eu mauris pretium auctor. Nulla vitae metus eget dui vestibulum maximus at a augue. Class aptent taciti sociosqu ad litora torquent per conubia nostra, per inceptos himenaeos. Donec scelerisque hendrerit nulla, id efficitur lacus posuere vitae. Class aptent taciti sociosqu ad litora torquent per conubia nostra, per inceptos himenaeos. Etiam nunc nunc, porttitor ac enim a, tempor mattis nunc. Duis tristique volutpat tempor. Fusce viverra elit non orci porttitor elementum.\r\n\r\nProin sed mollis lorem. Integer laoreet euismod nunc, in dictum nisl rutrum vel. Etiam rhoncus ornare nulla ut placerat. Vestibulum ante eros, faucibus sed orci vel, luctus lobortis leo. Proin id mauris et enim finibus tristique non at nisi. Nam tincidunt ultrices orci, non posuere erat tristique id. Praesent mauris quam, faucibus id diam at, interdum tincidunt nunc. Donec massa libero, fringilla sed est at, bibendum rhoncus nisl. Sed lectus justo, pulvinar ut ante ac, bibendum fermentum mi. Nullam a orci ut sapien malesuada rutrum. Cras ex metus, venenatis sit amet tristique a, laoreet ac diam. Donec lobortis sodales lorem a tincidunt. Cras ut hendrerit mauris. Nulla facilisi. Nam nec eros lobortis leo maximus mattis a a nulla. Etiam posuere, ante sit amet sagittis sollicitudin, diam elit laoreet neque, non sagittis mi leo quis massa.', '1', '', '0'),
(4, 8, 'Lorem ipsum 1 yeni', '2020-05-03 22:05:13', '2020-05-07 21:45:59', 'http://alimsatimcim.com/mobil/240912590.jpg', 'Lorem ipsum dolor sit amet, consectetur adipiscing elit. Ut risus urna, mattis in dapibus ac, euismod sed enim. Pellentesque in cursus orci. Nunc nec risus eu turpis ullamcorper placerat. Suspendisse aliquam', 'Suspendisse a ipsum vestibulum, hendrerit velit et, elementum est. Morbi dictum purus eu mauris pretium auctor. Nulla vitae metus eget dui vestibulum maximus at a augue. Class aptent taciti sociosqu ad litora torquent per conubia nostra, per inceptos himenaeos. Donec scelerisque hendrerit nulla, id efficitur lacus posuere vitae. Class aptent taciti sociosqu ad litora torquent per conubia nostra, per inceptos himenaeos. Etiam nunc nunc, porttitor ac enim a, tempor mattis nunc. Duis tristique volutpat tempor. Fusce viverra elit non orci porttitor elementum.\r\n\r\nProin sed mollis lorem. Integer laoreet euismod nunc, in dictum nisl rutrum vel. Etiam rhoncus ornare nulla ut placerat. Vestibulum ante eros, faucibus sed orci vel, luctus lobortis leo. Proin id mauris et enim finibus tristique non at nisi. Nam tincidunt ultrices orci, non posuere erat tristique id. Praesent mauris quam, faucibus id diam at, interdum tincidunt nunc. Donec massa libero, fringilla sed est at, bibendum rhoncus nisl. Sed lectus justo, pulvinar ut ante ac, bibendum fermentum mi. Nullam a orci ut sapien malesuada rutrum. Cras ex metus, venenatis sit amet tristique a, laoreet ac diam. Donec lobortis sodales lorem a tincidunt. Cras ut hendrerit mauris. Nulla facilisi. Nam nec eros lobortis leo maximus mattis a a nulla. Etiam posuere, ante sit amet sagittis sollicitudin, diam elit laoreet neque, non sagittis mi leo quis massa.\r\n\r\nNullam urna augue, porttitor a tincidunt ac, bibendum et tellus. Integer faucibus odio eget dictum condimentum. Sed nisi dolor, congue volutpat suscipit ac, facilisis at orci. Nullam ultricies tellus orci, nec imperdiet felis dictum nec. Nullam condimentum blandit augue eget interdum. Praesent ullamcorper venenatis ante ac convallis. Curabitur eget ante quis nisl imperdiet luctus. Duis congue turpis nibh, ac euismod nulla malesuada eu. Nunc mattis felis quis aliquet mollis. Aliquam erat volutpat. Suspendisse potenti. Ut fermentum convallis aliquam. Nullam a luctus ligula. Class aptent taciti sociosqu ad litora torquent per conubia nostra, per inceptos himenaeos. Integer massa velit, ullamcorper at auctor a, dignissim gravida augue.', '1', 'lorem-ipsum-1-yeni', '0'),
(5, 7, 'Lorem ipsum 2 guncel', '2020-05-03 22:05:13', '2020-05-07 21:45:59', 'http://alimsatimcim.com/mobil/240912590.jpg', 'Lorem ipsum dolor sit amet, consectetur adipiscing elit. Ut risus urna, mattis in dapibus ac, euismod sed enim. Pellentesque in cursus orci. Nunc nec risus eu turpis ullamcorper placerat. Suspendisse aliquam', 'Suspendisse a ipsum vestibulum, hendrerit velit et, elementum est. Morbi dictum purus eu mauris pretium auctor. Nulla vitae metus eget dui vestibulum maximus at a augue. Class aptent taciti sociosqu ad litora torquent per conubia nostra, per inceptos himenaeos. Donec scelerisque hendrerit nulla, id efficitur lacus posuere vitae. Class aptent taciti sociosqu ad litora torquent per conubia nostra, per inceptos himenaeos. Etiam nunc nunc, porttitor ac enim a, tempor mattis nunc. Duis tristique volutpat tempor. Fusce viverra elit non orci porttitor elementum.\r\n\r\nProin sed mollis lorem. Integer laoreet euismod nunc, in dictum nisl rutrum vel. Etiam rhoncus ornare nulla ut placerat. Vestibulum ante eros, faucibus sed orci vel, luctus lobortis leo. Proin id mauris et enim finibus tristique non at nisi. Nam tincidunt ultrices orci, non posuere erat tristique id. Praesent mauris quam, faucibus id diam at, interdum tincidunt nunc. Donec massa libero, fringilla sed est at, bibendum rhoncus nisl. Sed lectus justo, pulvinar ut ante ac, bibendum fermentum mi. Nullam a orci ut sapien malesuada rutrum. Cras ex metus, venenatis sit amet tristique a, laoreet ac diam. Donec lobortis sodales lorem a tincidunt. Cras ut hendrerit mauris. Nulla facilisi. Nam nec eros lobortis leo maximus mattis a a nulla. Etiam posuere, ante sit amet sagittis sollicitudin, diam elit laoreet neque, non sagittis mi leo quis massa.\r\n\r\nNullam urna augue, porttitor a tincidunt ac, bibendum et tellus. Integer faucibus odio eget dictum condimentum. Sed nisi dolor, congue volutpat suscipit ac, facilisis at orci. Nullam ultricies tellus orci, nec imperdiet felis dictum nec. Nullam condimentum blandit augue eget interdum. Praesent ullamcorper venenatis ante ac convallis. Curabitur eget ante quis nisl imperdiet luctus. Duis congue turpis nibh, ac euismod nulla malesuada eu. Nunc mattis felis quis aliquet mollis. Aliquam erat volutpat. Suspendisse potenti. Ut fermentum convallis aliquam. Nullam a luctus ligula. Class aptent taciti sociosqu ad litora torquent per conubia nostra, per inceptos himenaeos. Integer massa velit, ullamcorper at auctor a, dignissim gravida augue.', '1', 'lorem-ipsum-2-guncel', '0'),
(6, 7, 'Lorem ipsum 3', '2020-05-03 22:05:13', '2020-05-07 21:45:59', 'http://alimsatimcim.com/mobil/240912590.jpg', 'Lorem ipsum dolor sit amet, consectetur adipiscing elit. Ut risus urna, mattis in dapibus ac, euismod sed enim. Pellentesque in cursus orci. Nunc nec risus eu turpis ullamcorper placerat. Suspendisse aliquam', 'Suspendisse a ipsum vestibulum, hendrerit velit et, elementum est. Morbi dictum purus eu mauris pretium auctor. Nulla vitae metus eget dui vestibulum maximus at a augue. Class aptent taciti sociosqu ad litora torquent per conubia nostra, per inceptos himenaeos. Donec scelerisque hendrerit nulla, id efficitur lacus posuere vitae. Class aptent taciti sociosqu ad litora torquent per conubia nostra, per inceptos himenaeos. Etiam nunc nunc, porttitor ac enim a, tempor mattis nunc. Duis tristique volutpat tempor. Fusce viverra elit non orci porttitor elementum.\r\n\r\nProin sed mollis lorem. Integer laoreet euismod nunc, in dictum nisl rutrum vel. Etiam rhoncus ornare nulla ut placerat. Vestibulum ante eros, faucibus sed orci vel, luctus lobortis leo. Proin id mauris et enim finibus tristique non at nisi. Nam tincidunt ultrices orci, non posuere erat tristique id. Praesent mauris quam, faucibus id diam at, interdum tincidunt nunc. Donec massa libero, fringilla sed est at, bibendum rhoncus nisl. Sed lectus justo, pulvinar ut ante ac, bibendum fermentum mi. Nullam a orci ut sapien malesuada rutrum. Cras ex metus, venenatis sit amet tristique a, laoreet ac diam. Donec lobortis sodales lorem a tincidunt. Cras ut hendrerit mauris. Nulla facilisi. Nam nec eros lobortis leo maximus mattis a a nulla. Etiam posuere, ante sit amet sagittis sollicitudin, diam elit laoreet neque, non sagittis mi leo quis massa.\r\n\r\nNullam urna augue, porttitor a tincidunt ac, bibendum et tellus. Integer faucibus odio eget dictum condimentum. Sed nisi dolor, congue volutpat suscipit ac, facilisis at orci. Nullam ultricies tellus orci, nec imperdiet felis dictum nec. Nullam condimentum blandit augue eget interdum. Praesent ullamcorper venenatis ante ac convallis. Curabitur eget ante quis nisl imperdiet luctus. Duis congue turpis nibh, ac euismod nulla malesuada eu. Nunc mattis felis quis aliquet mollis. Aliquam erat volutpat. Suspendisse potenti. Ut fermentum convallis aliquam. Nullam a luctus ligula. Class aptent taciti sociosqu ad litora torquent per conubia nostra, per inceptos himenaeos. Integer massa velit, ullamcorper at auctor a, dignissim gravida augue.', '1', '', '0'),
(7, 5, 'Lorem ipsum 4', '2020-05-03 22:05:13', '2020-05-07 21:45:59', 'http://alimsatimcim.com/mobil/240912590.jpg', 'Lorem ipsum dolor sit amet, consectetur adipiscing elit. Ut risus urna, mattis in dapibus ac, euismod sed enim. Pellentesque in cursus orci. Nunc nec risus eu turpis ullamcorper placerat. Suspendisse aliquam', 'Suspendisse a ipsum vestibulum, hendrerit velit et, elementum est. Morbi dictum purus eu mauris pretium auctor. Nulla vitae metus eget dui vestibulum maximus at a augue. Class aptent taciti sociosqu ad litora torquent per conubia nostra, per inceptos himenaeos. Donec scelerisque hendrerit nulla, id efficitur lacus posuere vitae. Class aptent taciti sociosqu ad litora torquent per conubia nostra, per inceptos himenaeos. Etiam nunc nunc, porttitor ac enim a, tempor mattis nunc. Duis tristique volutpat tempor. Fusce viverra elit non orci porttitor elementum.\r\n\r\nProin sed mollis lorem. Integer laoreet euismod nunc, in dictum nisl rutrum vel. Etiam rhoncus ornare nulla ut placerat. Vestibulum ante eros, faucibus sed orci vel, luctus lobortis leo. Proin id mauris et enim finibus tristique non at nisi. Nam tincidunt ultrices orci, non posuere erat tristique id. Praesent mauris quam, faucibus id diam at, interdum tincidunt nunc. Donec massa libero, fringilla sed est at, bibendum rhoncus nisl. Sed lectus justo, pulvinar ut ante ac, bibendum fermentum mi. Nullam a orci ut sapien malesuada rutrum. Cras ex metus, venenatis sit amet tristique a, laoreet ac diam. Donec lobortis sodales lorem a tincidunt. Cras ut hendrerit mauris. Nulla facilisi. Nam nec eros lobortis leo maximus mattis a a nulla. Etiam posuere, ante sit amet sagittis sollicitudin, diam elit laoreet neque, non sagittis mi leo quis massa.\r\n\r\nNullam urna augue, porttitor a tincidunt ac, bibendum et tellus. Integer faucibus odio eget dictum condimentum. Sed nisi dolor, congue volutpat suscipit ac, facilisis at orci. Nullam ultricies tellus orci, nec imperdiet felis dictum nec. Nullam condimentum blandit augue eget interdum. Praesent ullamcorper venenatis ante ac convallis. Curabitur eget ante quis nisl imperdiet luctus. Duis congue turpis nibh, ac euismod nulla malesuada eu. Nunc mattis felis quis aliquet mollis. Aliquam erat volutpat. Suspendisse potenti. Ut fermentum convallis aliquam. Nullam a luctus ligula. Class aptent taciti sociosqu ad litora torquent per conubia nostra, per inceptos himenaeos. Integer massa velit, ullamcorper at auctor a, dignissim gravida augue.', '1', '', '0'),
(8, 7, 'Lorem ipsum 5', '2020-05-03 22:05:13', '2020-05-07 21:45:59', 'http://alimsatimcim.com/mobil/240912590.jpg', 'Lorem ipsum dolor sit amet, consectetur adipiscing elit. Ut risus urna, mattis in dapibus ac, euismod sed enim. Pellentesque in cursus orci. Nunc nec risus eu turpis ullamcorper placerat. Suspendisse aliquam', 'Suspendisse a ipsum vestibulum, hendrerit velit et, elementum est. Morbi dictum purus eu mauris pretium auctor. Nulla vitae metus eget dui vestibulum maximus at a augue. Class aptent taciti sociosqu ad litora torquent per conubia nostra, per inceptos himenaeos. Donec scelerisque hendrerit nulla, id efficitur lacus posuere vitae. Class aptent taciti sociosqu ad litora torquent per conubia nostra, per inceptos himenaeos. Etiam nunc nunc, porttitor ac enim a, tempor mattis nunc. Duis tristique volutpat tempor. Fusce viverra elit non orci porttitor elementum.\r\n\r\nProin sed mollis lorem. Integer laoreet euismod nunc, in dictum nisl rutrum vel. Etiam rhoncus ornare nulla ut placerat. Vestibulum ante eros, faucibus sed orci vel, luctus lobortis leo. Proin id mauris et enim finibus tristique non at nisi. Nam tincidunt ultrices orci, non posuere erat tristique id. Praesent mauris quam, faucibus id diam at, interdum tincidunt nunc. Donec massa libero, fringilla sed est at, bibendum rhoncus nisl. Sed lectus justo, pulvinar ut ante ac, bibendum fermentum mi. Nullam a orci ut sapien malesuada rutrum. Cras ex metus, venenatis sit amet tristique a, laoreet ac diam. Donec lobortis sodales lorem a tincidunt. Cras ut hendrerit mauris. Nulla facilisi. Nam nec eros lobortis leo maximus mattis a a nulla. Etiam posuere, ante sit amet sagittis sollicitudin, diam elit laoreet neque, non sagittis mi leo quis massa.\r\n\r\nNullam urna augue, porttitor a tincidunt ac, bibendum et tellus. Integer faucibus odio eget dictum condimentum. Sed nisi dolor, congue volutpat suscipit ac, facilisis at orci. Nullam ultricies tellus orci, nec imperdiet felis dictum nec. Nullam condimentum blandit augue eget interdum. Praesent ullamcorper venenatis ante ac convallis. Curabitur eget ante quis nisl imperdiet luctus. Duis congue turpis nibh, ac euismod nulla malesuada eu. Nunc mattis felis quis aliquet mollis. Aliquam erat volutpat. Suspendisse potenti. Ut fermentum convallis aliquam. Nullam a luctus ligula. Class aptent taciti sociosqu ad litora torquent per conubia nostra, per inceptos himenaeos. Integer massa velit, ullamcorper at auctor a, dignissim gravida augue.', '1', '', '0'),
(9, 2, 'Lorem ipsum 6', '2020-05-03 22:05:56', '2020-05-07 21:45:59', 'http://alimsatimcim.com/mobil/240912590.jpg', 'Lorem ipsum dolor sit amet, consectetur adipiscing elit. Ut risus urna, mattis in dapibus ac, euismod sed enim. Pellentesque in cursus orci. Nunc nec risus eu turpis ullamcorper placerat. Suspendisse aliquam', 'Suspendisse a ipsum vestibulum, hendrerit velit et, elementum est. Morbi dictum purus eu mauris pretium auctor. Nulla vitae metus eget dui vestibulum maximus at a augue. Class aptent taciti sociosqu ad litora torquent per conubia nostra, per inceptos himenaeos. Donec scelerisque hendrerit nulla, id efficitur lacus posuere vitae. Class aptent taciti sociosqu ad litora torquent per conubia nostra, per inceptos himenaeos. Etiam nunc nunc, porttitor ac enim a, tempor mattis nunc. Duis tristique volutpat tempor. Fusce viverra elit non orci porttitor elementum.\r\n\r\nProin sed mollis lorem. Integer laoreet euismod nunc, in dictum nisl rutrum vel. Etiam rhoncus ornare nulla ut placerat. Vestibulum ante eros, faucibus sed orci vel, luctus lobortis leo. Proin id mauris et enim finibus tristique non at nisi. Nam tincidunt ultrices orci, non posuere erat tristique id. Praesent mauris quam, faucibus id diam at, interdum tincidunt nunc. Donec massa libero, fringilla sed est at, bibendum rhoncus nisl. Sed lectus justo, pulvinar ut ante ac, bibendum fermentum mi. Nullam a orci ut sapien malesuada rutrum. Cras ex metus, venenatis sit amet tristique a, laoreet ac diam. Donec lobortis sodales lorem a tincidunt. Cras ut hendrerit mauris. Nulla facilisi. Nam nec eros lobortis leo maximus mattis a a nulla. Etiam posuere, ante sit amet sagittis sollicitudin, diam elit laoreet neque, non sagittis mi leo quis massa.\r\n\r\nNullam urna augue, porttitor a tincidunt ac, bibendum et tellus. Integer faucibus odio eget dictum condimentum. Sed nisi dolor, congue volutpat suscipit ac, facilisis at orci. Nullam ultricies tellus orci, nec imperdiet felis dictum nec. Nullam condimentum blandit augue eget interdum. Praesent ullamcorper venenatis ante ac convallis. Curabitur eget ante quis nisl imperdiet luctus. Duis congue turpis nibh, ac euismod nulla malesuada eu. Nunc mattis felis quis aliquet mollis. Aliquam erat volutpat. Suspendisse potenti. Ut fermentum convallis aliquam. Nullam a luctus ligula. Class aptent taciti sociosqu ad litora torquent per conubia nostra, per inceptos himenaeos. Integer massa velit, ullamcorper at auctor a, dignissim gravida augue.', '1', '', '0'),
(10, 9, 'Lorem ipsum 7', '2020-05-03 22:05:56', '2020-05-07 21:45:59', 'http://alimsatimcim.com/mobil/240912590.jpg', 'Lorem ipsum dolor sit amet, consectetur adipiscing elit. Ut risus urna, mattis in dapibus ac, euismod sed enim. Pellentesque in cursus orci. Nunc nec risus eu turpis ullamcorper placerat. Suspendisse aliquam', 'Suspendisse a ipsum vestibulum, hendrerit velit et, elementum est. Morbi dictum purus eu mauris pretium auctor. Nulla vitae metus eget dui vestibulum maximus at a augue. Class aptent taciti sociosqu ad litora torquent per conubia nostra, per inceptos himenaeos. Donec scelerisque hendrerit nulla, id efficitur lacus posuere vitae. Class aptent taciti sociosqu ad litora torquent per conubia nostra, per inceptos himenaeos. Etiam nunc nunc, porttitor ac enim a, tempor mattis nunc. Duis tristique volutpat tempor. Fusce viverra elit non orci porttitor elementum.\r\n\r\nProin sed mollis lorem. Integer laoreet euismod nunc, in dictum nisl rutrum vel. Etiam rhoncus ornare nulla ut placerat. Vestibulum ante eros, faucibus sed orci vel, luctus lobortis leo. Proin id mauris et enim finibus tristique non at nisi. Nam tincidunt ultrices orci, non posuere erat tristique id. Praesent mauris quam, faucibus id diam at, interdum tincidunt nunc. Donec massa libero, fringilla sed est at, bibendum rhoncus nisl. Sed lectus justo, pulvinar ut ante ac, bibendum fermentum mi. Nullam a orci ut sapien malesuada rutrum. Cras ex metus, venenatis sit amet tristique a, laoreet ac diam. Donec lobortis sodales lorem a tincidunt. Cras ut hendrerit mauris. Nulla facilisi. Nam nec eros lobortis leo maximus mattis a a nulla. Etiam posuere, ante sit amet sagittis sollicitudin, diam elit laoreet neque, non sagittis mi leo quis massa.\r\n\r\nNullam urna augue, porttitor a tincidunt ac, bibendum et tellus. Integer faucibus odio eget dictum condimentum. Sed nisi dolor, congue volutpat suscipit ac, facilisis at orci. Nullam ultricies tellus orci, nec imperdiet felis dictum nec. Nullam condimentum blandit augue eget interdum. Praesent ullamcorper venenatis ante ac convallis. Curabitur eget ante quis nisl imperdiet luctus. Duis congue turpis nibh, ac euismod nulla malesuada eu. Nunc mattis felis quis aliquet mollis. Aliquam erat volutpat. Suspendisse potenti. Ut fermentum convallis aliquam. Nullam a luctus ligula. Class aptent taciti sociosqu ad litora torquent per conubia nostra, per inceptos himenaeos. Integer massa velit, ullamcorper at auctor a, dignissim gravida augue.', '1', '', '0'),
(11, 8, 'Lorem ipsum 8', '2020-05-03 22:05:56', '2020-05-07 21:45:59', 'http://alimsatimcim.com/mobil/240912590.jpg', 'Lorem ipsum dolor sit amet, consectetur adipiscing elit. Ut risus urna, mattis in dapibus ac, euismod sed enim. Pellentesque in cursus orci. Nunc nec risus eu turpis ullamcorper placerat. Suspendisse aliquam', 'Suspendisse a ipsum vestibulum, hendrerit velit et, elementum est. Morbi dictum purus eu mauris pretium auctor. Nulla vitae metus eget dui vestibulum maximus at a augue. Class aptent taciti sociosqu ad litora torquent per conubia nostra, per inceptos himenaeos. Donec scelerisque hendrerit nulla, id efficitur lacus posuere vitae. Class aptent taciti sociosqu ad litora torquent per conubia nostra, per inceptos himenaeos. Etiam nunc nunc, porttitor ac enim a, tempor mattis nunc. Duis tristique volutpat tempor. Fusce viverra elit non orci porttitor elementum.\r\n\r\nProin sed mollis lorem. Integer laoreet euismod nunc, in dictum nisl rutrum vel. Etiam rhoncus ornare nulla ut placerat. Vestibulum ante eros, faucibus sed orci vel, luctus lobortis leo. Proin id mauris et enim finibus tristique non at nisi. Nam tincidunt ultrices orci, non posuere erat tristique id. Praesent mauris quam, faucibus id diam at, interdum tincidunt nunc. Donec massa libero, fringilla sed est at, bibendum rhoncus nisl. Sed lectus justo, pulvinar ut ante ac, bibendum fermentum mi. Nullam a orci ut sapien malesuada rutrum. Cras ex metus, venenatis sit amet tristique a, laoreet ac diam. Donec lobortis sodales lorem a tincidunt. Cras ut hendrerit mauris. Nulla facilisi. Nam nec eros lobortis leo maximus mattis a a nulla. Etiam posuere, ante sit amet sagittis sollicitudin, diam elit laoreet neque, non sagittis mi leo quis massa.\r\n\r\nNullam urna augue, porttitor a tincidunt ac, bibendum et tellus. Integer faucibus odio eget dictum condimentum. Sed nisi dolor, congue volutpat suscipit ac, facilisis at orci. Nullam ultricies tellus orci, nec imperdiet felis dictum nec. Nullam condimentum blandit augue eget interdum. Praesent ullamcorper venenatis ante ac convallis. Curabitur eget ante quis nisl imperdiet luctus. Duis congue turpis nibh, ac euismod nulla malesuada eu. Nunc mattis felis quis aliquet mollis. Aliquam erat volutpat. Suspendisse potenti. Ut fermentum convallis aliquam. Nullam a luctus ligula. Class aptent taciti sociosqu ad litora torquent per conubia nostra, per inceptos himenaeos. Integer massa velit, ullamcorper at auctor a, dignissim gravida augue.', '1', '', '0'),
(12, 2, 'Lorem ipsum 9', '2020-05-03 22:05:56', '2020-05-07 21:45:59', 'http://alimsatimcim.com/mobil/240912590.jpg', 'Lorem ipsum dolor sit amet, consectetur adipiscing elit. Ut risus urna, mattis in dapibus ac, euismod sed enim. Pellentesque in cursus orci. Nunc nec risus eu turpis ullamcorper placerat. Suspendisse aliquam', 'Suspendisse a ipsum vestibulum, hendrerit velit et, elementum est. Morbi dictum purus eu mauris pretium auctor. Nulla vitae metus eget dui vestibulum maximus at a augue. Class aptent taciti sociosqu ad litora torquent per conubia nostra, per inceptos himenaeos. Donec scelerisque hendrerit nulla, id efficitur lacus posuere vitae. Class aptent taciti sociosqu ad litora torquent per conubia nostra, per inceptos himenaeos. Etiam nunc nunc, porttitor ac enim a, tempor mattis nunc. Duis tristique volutpat tempor. Fusce viverra elit non orci porttitor elementum.\r\n\r\nProin sed mollis lorem. Integer laoreet euismod nunc, in dictum nisl rutrum vel. Etiam rhoncus ornare nulla ut placerat. Vestibulum ante eros, faucibus sed orci vel, luctus lobortis leo. Proin id mauris et enim finibus tristique non at nisi. Nam tincidunt ultrices orci, non posuere erat tristique id. Praesent mauris quam, faucibus id diam at, interdum tincidunt nunc. Donec massa libero, fringilla sed est at, bibendum rhoncus nisl. Sed lectus justo, pulvinar ut ante ac, bibendum fermentum mi. Nullam a orci ut sapien malesuada rutrum. Cras ex metus, venenatis sit amet tristique a, laoreet ac diam. Donec lobortis sodales lorem a tincidunt. Cras ut hendrerit mauris. Nulla facilisi. Nam nec eros lobortis leo maximus mattis a a nulla. Etiam posuere, ante sit amet sagittis sollicitudin, diam elit laoreet neque, non sagittis mi leo quis massa.\r\n\r\nNullam urna augue, porttitor a tincidunt ac, bibendum et tellus. Integer faucibus odio eget dictum condimentum. Sed nisi dolor, congue volutpat suscipit ac, facilisis at orci. Nullam ultricies tellus orci, nec imperdiet felis dictum nec. Nullam condimentum blandit augue eget interdum. Praesent ullamcorper venenatis ante ac convallis. Curabitur eget ante quis nisl imperdiet luctus. Duis congue turpis nibh, ac euismod nulla malesuada eu. Nunc mattis felis quis aliquet mollis. Aliquam erat volutpat. Suspendisse potenti. Ut fermentum convallis aliquam. Nullam a luctus ligula. Class aptent taciti sociosqu ad litora torquent per conubia nostra, per inceptos himenaeos. Integer massa velit, ullamcorper at auctor a, dignissim gravida augue.', '1', '', '0'),
(13, 6, 'Lorem ipsum 10', '2020-05-03 22:05:56', '2020-05-07 21:45:59', 'http://alimsatimcim.com/mobil/240912590.jpg', 'Lorem ipsum dolor sit amet, consectetur adipiscing elit. Ut risus urna, mattis in dapibus ac, euismod sed enim. Pellentesque in cursus orci. Nunc nec risus eu turpis ullamcorper placerat. Suspendisse aliquam', 'Suspendisse a ipsum vestibulum, hendrerit velit et, elementum est. Morbi dictum purus eu mauris pretium auctor. Nulla vitae metus eget dui vestibulum maximus at a augue. Class aptent taciti sociosqu ad litora torquent per conubia nostra, per inceptos himenaeos. Donec scelerisque hendrerit nulla, id efficitur lacus posuere vitae. Class aptent taciti sociosqu ad litora torquent per conubia nostra, per inceptos himenaeos. Etiam nunc nunc, porttitor ac enim a, tempor mattis nunc. Duis tristique volutpat tempor. Fusce viverra elit non orci porttitor elementum.\r\n\r\nProin sed mollis lorem. Integer laoreet euismod nunc, in dictum nisl rutrum vel. Etiam rhoncus ornare nulla ut placerat. Vestibulum ante eros, faucibus sed orci vel, luctus lobortis leo. Proin id mauris et enim finibus tristique non at nisi. Nam tincidunt ultrices orci, non posuere erat tristique id. Praesent mauris quam, faucibus id diam at, interdum tincidunt nunc. Donec massa libero, fringilla sed est at, bibendum rhoncus nisl. Sed lectus justo, pulvinar ut ante ac, bibendum fermentum mi. Nullam a orci ut sapien malesuada rutrum. Cras ex metus, venenatis sit amet tristique a, laoreet ac diam. Donec lobortis sodales lorem a tincidunt. Cras ut hendrerit mauris. Nulla facilisi. Nam nec eros lobortis leo maximus mattis a a nulla. Etiam posuere, ante sit amet sagittis sollicitudin, diam elit laoreet neque, non sagittis mi leo quis massa.\r\n\r\nNullam urna augue, porttitor a tincidunt ac, bibendum et tellus. Integer faucibus odio eget dictum condimentum. Sed nisi dolor, congue volutpat suscipit ac, facilisis at orci. Nullam ultricies tellus orci, nec imperdiet felis dictum nec. Nullam condimentum blandit augue eget interdum. Praesent ullamcorper venenatis ante ac convallis. Curabitur eget ante quis nisl imperdiet luctus. Duis congue turpis nibh, ac euismod nulla malesuada eu. Nunc mattis felis quis aliquet mollis. Aliquam erat volutpat. Suspendisse potenti. Ut fermentum convallis aliquam. Nullam a luctus ligula. Class aptent taciti sociosqu ad litora torquent per conubia nostra, per inceptos himenaeos. Integer massa velit, ullamcorper at auctor a, dignissim gravida augue.', '1', '', '0'),
(14, 2, 'Lorem ipsum 11', '2020-05-03 22:05:56', '2020-05-07 21:45:59', 'http://alimsatimcim.com/mobil/240912590.jpg', 'Lorem ipsum dolor sit amet, consectetur adipiscing elit. Ut risus urna, mattis in dapibus ac, euismod sed enim. Pellentesque in cursus orci. Nunc nec risus eu turpis ullamcorper placerat. Suspendisse aliquam', 'Suspendisse a ipsum vestibulum, hendrerit velit et, elementum est. Morbi dictum purus eu mauris pretium auctor. Nulla vitae metus eget dui vestibulum maximus at a augue. Class aptent taciti sociosqu ad litora torquent per conubia nostra, per inceptos himenaeos. Donec scelerisque hendrerit nulla, id efficitur lacus posuere vitae. Class aptent taciti sociosqu ad litora torquent per conubia nostra, per inceptos himenaeos. Etiam nunc nunc, porttitor ac enim a, tempor mattis nunc. Duis tristique volutpat tempor. Fusce viverra elit non orci porttitor elementum.\r\n\r\nProin sed mollis lorem. Integer laoreet euismod nunc, in dictum nisl rutrum vel. Etiam rhoncus ornare nulla ut placerat. Vestibulum ante eros, faucibus sed orci vel, luctus lobortis leo. Proin id mauris et enim finibus tristique non at nisi. Nam tincidunt ultrices orci, non posuere erat tristique id. Praesent mauris quam, faucibus id diam at, interdum tincidunt nunc. Donec massa libero, fringilla sed est at, bibendum rhoncus nisl. Sed lectus justo, pulvinar ut ante ac, bibendum fermentum mi. Nullam a orci ut sapien malesuada rutrum. Cras ex metus, venenatis sit amet tristique a, laoreet ac diam. Donec lobortis sodales lorem a tincidunt. Cras ut hendrerit mauris. Nulla facilisi. Nam nec eros lobortis leo maximus mattis a a nulla. Etiam posuere, ante sit amet sagittis sollicitudin, diam elit laoreet neque, non sagittis mi leo quis massa.\r\n\r\nNullam urna augue, porttitor a tincidunt ac, bibendum et tellus. Integer faucibus odio eget dictum condimentum. Sed nisi dolor, congue volutpat suscipit ac, facilisis at orci. Nullam ultricies tellus orci, nec imperdiet felis dictum nec. Nullam condimentum blandit augue eget interdum. Praesent ullamcorper venenatis ante ac convallis. Curabitur eget ante quis nisl imperdiet luctus. Duis congue turpis nibh, ac euismod nulla malesuada eu. Nunc mattis felis quis aliquet mollis. Aliquam erat volutpat. Suspendisse potenti. Ut fermentum convallis aliquam. Nullam a luctus ligula. Class aptent taciti sociosqu ad litora torquent per conubia nostra, per inceptos himenaeos. Integer massa velit, ullamcorper at auctor a, dignissim gravida augue.', '1', '', '0'),
(15, 2, 'Lorem ipsum 12', '2020-05-03 22:05:56', '2020-05-07 21:45:59', 'http://alimsatimcim.com/mobil/240912590.jpg', 'Lorem ipsum dolor sit amet, consectetur adipiscing elit. Ut risus urna, mattis in dapibus ac, euismod sed enim. Pellentesque in cursus orci. Nunc nec risus eu turpis ullamcorper placerat. Suspendisse aliquam', 'Suspendisse a ipsum vestibulum, hendrerit velit et, elementum est. Morbi dictum purus eu mauris pretium auctor. Nulla vitae metus eget dui vestibulum maximus at a augue. Class aptent taciti sociosqu ad litora torquent per conubia nostra, per inceptos himenaeos. Donec scelerisque hendrerit nulla, id efficitur lacus posuere vitae. Class aptent taciti sociosqu ad litora torquent per conubia nostra, per inceptos himenaeos. Etiam nunc nunc, porttitor ac enim a, tempor mattis nunc. Duis tristique volutpat tempor. Fusce viverra elit non orci porttitor elementum.\r\n\r\nProin sed mollis lorem. Integer laoreet euismod nunc, in dictum nisl rutrum vel. Etiam rhoncus ornare nulla ut placerat. Vestibulum ante eros, faucibus sed orci vel, luctus lobortis leo. Proin id mauris et enim finibus tristique non at nisi. Nam tincidunt ultrices orci, non posuere erat tristique id. Praesent mauris quam, faucibus id diam at, interdum tincidunt nunc. Donec massa libero, fringilla sed est at, bibendum rhoncus nisl. Sed lectus justo, pulvinar ut ante ac, bibendum fermentum mi. Nullam a orci ut sapien malesuada rutrum. Cras ex metus, venenatis sit amet tristique a, laoreet ac diam. Donec lobortis sodales lorem a tincidunt. Cras ut hendrerit mauris. Nulla facilisi. Nam nec eros lobortis leo maximus mattis a a nulla. Etiam posuere, ante sit amet sagittis sollicitudin, diam elit laoreet neque, non sagittis mi leo quis massa.\r\n\r\nNullam urna augue, porttitor a tincidunt ac, bibendum et tellus. Integer faucibus odio eget dictum condimentum. Sed nisi dolor, congue volutpat suscipit ac, facilisis at orci. Nullam ultricies tellus orci, nec imperdiet felis dictum nec. Nullam condimentum blandit augue eget interdum. Praesent ullamcorper venenatis ante ac convallis. Curabitur eget ante quis nisl imperdiet luctus. Duis congue turpis nibh, ac euismod nulla malesuada eu. Nunc mattis felis quis aliquet mollis. Aliquam erat volutpat. Suspendisse potenti. Ut fermentum convallis aliquam. Nullam a luctus ligula. Class aptent taciti sociosqu ad litora torquent per conubia nostra, per inceptos himenaeos. Integer massa velit, ullamcorper at auctor a, dignissim gravida augue.', '1', '', '0'),
(16, 2, 'Lorem ipsum 13', '2020-05-03 22:05:56', '2020-05-07 21:45:59', 'http://alimsatimcim.com/mobil/240912590.jpg', 'Lorem ipsum dolor sit amet, consectetur adipiscing elit. Ut risus urna, mattis in dapibus ac, euismod sed enim. Pellentesque in cursus orci. Nunc nec risus eu turpis ullamcorper placerat. Suspendisse aliquam', 'Suspendisse a ipsum vestibulum, hendrerit velit et, elementum est. Morbi dictum purus eu mauris pretium auctor. Nulla vitae metus eget dui vestibulum maximus at a augue. Class aptent taciti sociosqu ad litora torquent per conubia nostra, per inceptos himenaeos. Donec scelerisque hendrerit nulla, id efficitur lacus posuere vitae. Class aptent taciti sociosqu ad litora torquent per conubia nostra, per inceptos himenaeos. Etiam nunc nunc, porttitor ac enim a, tempor mattis nunc. Duis tristique volutpat tempor. Fusce viverra elit non orci porttitor elementum.\r\n\r\nProin sed mollis lorem. Integer laoreet euismod nunc, in dictum nisl rutrum vel. Etiam rhoncus ornare nulla ut placerat. Vestibulum ante eros, faucibus sed orci vel, luctus lobortis leo. Proin id mauris et enim finibus tristique non at nisi. Nam tincidunt ultrices orci, non posuere erat tristique id. Praesent mauris quam, faucibus id diam at, interdum tincidunt nunc. Donec massa libero, fringilla sed est at, bibendum rhoncus nisl. Sed lectus justo, pulvinar ut ante ac, bibendum fermentum mi. Nullam a orci ut sapien malesuada rutrum. Cras ex metus, venenatis sit amet tristique a, laoreet ac diam. Donec lobortis sodales lorem a tincidunt. Cras ut hendrerit mauris. Nulla facilisi. Nam nec eros lobortis leo maximus mattis a a nulla. Etiam posuere, ante sit amet sagittis sollicitudin, diam elit laoreet neque, non sagittis mi leo quis massa.\r\n\r\nNullam urna augue, porttitor a tincidunt ac, bibendum et tellus. Integer faucibus odio eget dictum condimentum. Sed nisi dolor, congue volutpat suscipit ac, facilisis at orci. Nullam ultricies tellus orci, nec imperdiet felis dictum nec. Nullam condimentum blandit augue eget interdum. Praesent ullamcorper venenatis ante ac convallis. Curabitur eget ante quis nisl imperdiet luctus. Duis congue turpis nibh, ac euismod nulla malesuada eu. Nunc mattis felis quis aliquet mollis. Aliquam erat volutpat. Suspendisse potenti. Ut fermentum convallis aliquam. Nullam a luctus ligula. Class aptent taciti sociosqu ad litora torquent per conubia nostra, per inceptos himenaeos. Integer massa velit, ullamcorper at auctor a, dignissim gravida augue.', '1', '', '0'),
(17, 4, 'Lorem ipsum 14', '2020-05-03 22:05:56', '2020-05-07 21:45:59', 'http://alimsatimcim.com/mobil/240912590.jpg', 'Lorem ipsum dolor sit amet, consectetur adipiscing elit. Ut risus urna, mattis in dapibus ac, euismod sed enim. Pellentesque in cursus orci. Nunc nec risus eu turpis ullamcorper placerat. Suspendisse aliquam', 'Suspendisse a ipsum vestibulum, hendrerit velit et, elementum est. Morbi dictum purus eu mauris pretium auctor. Nulla vitae metus eget dui vestibulum maximus at a augue. Class aptent taciti sociosqu ad litora torquent per conubia nostra, per inceptos himenaeos. Donec scelerisque hendrerit nulla, id efficitur lacus posuere vitae. Class aptent taciti sociosqu ad litora torquent per conubia nostra, per inceptos himenaeos. Etiam nunc nunc, porttitor ac enim a, tempor mattis nunc. Duis tristique volutpat tempor. Fusce viverra elit non orci porttitor elementum.\r\n\r\nProin sed mollis lorem. Integer laoreet euismod nunc, in dictum nisl rutrum vel. Etiam rhoncus ornare nulla ut placerat. Vestibulum ante eros, faucibus sed orci vel, luctus lobortis leo. Proin id mauris et enim finibus tristique non at nisi. Nam tincidunt ultrices orci, non posuere erat tristique id. Praesent mauris quam, faucibus id diam at, interdum tincidunt nunc. Donec massa libero, fringilla sed est at, bibendum rhoncus nisl. Sed lectus justo, pulvinar ut ante ac, bibendum fermentum mi. Nullam a orci ut sapien malesuada rutrum. Cras ex metus, venenatis sit amet tristique a, laoreet ac diam. Donec lobortis sodales lorem a tincidunt. Cras ut hendrerit mauris. Nulla facilisi. Nam nec eros lobortis leo maximus mattis a a nulla. Etiam posuere, ante sit amet sagittis sollicitudin, diam elit laoreet neque, non sagittis mi leo quis massa.\r\n\r\nNullam urna augue, porttitor a tincidunt ac, bibendum et tellus. Integer faucibus odio eget dictum condimentum. Sed nisi dolor, congue volutpat suscipit ac, facilisis at orci. Nullam ultricies tellus orci, nec imperdiet felis dictum nec. Nullam condimentum blandit augue eget interdum. Praesent ullamcorper venenatis ante ac convallis. Curabitur eget ante quis nisl imperdiet luctus. Duis congue turpis nibh, ac euismod nulla malesuada eu. Nunc mattis felis quis aliquet mollis. Aliquam erat volutpat. Suspendisse potenti. Ut fermentum convallis aliquam. Nullam a luctus ligula. Class aptent taciti sociosqu ad litora torquent per conubia nostra, per inceptos himenaeos. Integer massa velit, ullamcorper at auctor a, dignissim gravida augue.', '1', '', '0'),
(19, 4, 'Lorem ipsum 16', '2020-05-03 22:05:56', '2020-05-07 21:45:59', 'http://alimsatimcim.com/mobil/240912590.jpg', 'Lorem ipsum dolor sit amet, consectetur adipiscing elit. Ut risus urna, mattis in dapibus ac, euismod sed enim. Pellentesque in cursus orci. Nunc nec risus eu turpis ullamcorper placerat. Suspendisse aliquam', 'Suspendisse a ipsum vestibulum, hendrerit velit et, elementum est. Morbi dictum purus eu mauris pretium auctor. Nulla vitae metus eget dui vestibulum maximus at a augue. Class aptent taciti sociosqu ad litora torquent per conubia nostra, per inceptos himenaeos. Donec scelerisque hendrerit nulla, id efficitur lacus posuere vitae. Class aptent taciti sociosqu ad litora torquent per conubia nostra, per inceptos himenaeos. Etiam nunc nunc, porttitor ac enim a, tempor mattis nunc. Duis tristique volutpat tempor. Fusce viverra elit non orci porttitor elementum.\r\n\r\nProin sed mollis lorem. Integer laoreet euismod nunc, in dictum nisl rutrum vel. Etiam rhoncus ornare nulla ut placerat. Vestibulum ante eros, faucibus sed orci vel, luctus lobortis leo. Proin id mauris et enim finibus tristique non at nisi. Nam tincidunt ultrices orci, non posuere erat tristique id. Praesent mauris quam, faucibus id diam at, interdum tincidunt nunc. Donec massa libero, fringilla sed est at, bibendum rhoncus nisl. Sed lectus justo, pulvinar ut ante ac, bibendum fermentum mi. Nullam a orci ut sapien malesuada rutrum. Cras ex metus, venenatis sit amet tristique a, laoreet ac diam. Donec lobortis sodales lorem a tincidunt. Cras ut hendrerit mauris. Nulla facilisi. Nam nec eros lobortis leo maximus mattis a a nulla. Etiam posuere, ante sit amet sagittis sollicitudin, diam elit laoreet neque, non sagittis mi leo quis massa.\r\n\r\nNullam urna augue, porttitor a tincidunt ac, bibendum et tellus. Integer faucibus odio eget dictum condimentum. Sed nisi dolor, congue volutpat suscipit ac, facilisis at orci. Nullam ultricies tellus orci, nec imperdiet felis dictum nec. Nullam condimentum blandit augue eget interdum. Praesent ullamcorper venenatis ante ac convallis. Curabitur eget ante quis nisl imperdiet luctus. Duis congue turpis nibh, ac euismod nulla malesuada eu. Nunc mattis felis quis aliquet mollis. Aliquam erat volutpat. Suspendisse potenti. Ut fermentum convallis aliquam. Nullam a luctus ligula. Class aptent taciti sociosqu ad litora torquent per conubia nostra, per inceptos himenaeos. Integer massa velit, ullamcorper at auctor a, dignissim gravida augue.', '1', '', '0'),
(20, 2, 'Lorem ipsum 17', '2020-05-03 22:05:56', '2020-05-07 21:45:59', 'http://alimsatimcim.com/mobil/240912590.jpg', 'Lorem ipsum dolor sit amet, consectetur adipiscing elit. Ut risus urna, mattis in dapibus ac, euismod sed enim. Pellentesque in cursus orci. Nunc nec risus eu turpis ullamcorper placerat. Suspendisse aliquam', 'Suspendisse a ipsum vestibulum, hendrerit velit et, elementum est. Morbi dictum purus eu mauris pretium auctor. Nulla vitae metus eget dui vestibulum maximus at a augue. Class aptent taciti sociosqu ad litora torquent per conubia nostra, per inceptos himenaeos. Donec scelerisque hendrerit nulla, id efficitur lacus posuere vitae. Class aptent taciti sociosqu ad litora torquent per conubia nostra, per inceptos himenaeos. Etiam nunc nunc, porttitor ac enim a, tempor mattis nunc. Duis tristique volutpat tempor. Fusce viverra elit non orci porttitor elementum.\r\n\r\nProin sed mollis lorem. Integer laoreet euismod nunc, in dictum nisl rutrum vel. Etiam rhoncus ornare nulla ut placerat. Vestibulum ante eros, faucibus sed orci vel, luctus lobortis leo. Proin id mauris et enim finibus tristique non at nisi. Nam tincidunt ultrices orci, non posuere erat tristique id. Praesent mauris quam, faucibus id diam at, interdum tincidunt nunc. Donec massa libero, fringilla sed est at, bibendum rhoncus nisl. Sed lectus justo, pulvinar ut ante ac, bibendum fermentum mi. Nullam a orci ut sapien malesuada rutrum. Cras ex metus, venenatis sit amet tristique a, laoreet ac diam. Donec lobortis sodales lorem a tincidunt. Cras ut hendrerit mauris. Nulla facilisi. Nam nec eros lobortis leo maximus mattis a a nulla. Etiam posuere, ante sit amet sagittis sollicitudin, diam elit laoreet neque, non sagittis mi leo quis massa.\r\n\r\nNullam urna augue, porttitor a tincidunt ac, bibendum et tellus. Integer faucibus odio eget dictum condimentum. Sed nisi dolor, congue volutpat suscipit ac, facilisis at orci. Nullam ultricies tellus orci, nec imperdiet felis dictum nec. Nullam condimentum blandit augue eget interdum. Praesent ullamcorper venenatis ante ac convallis. Curabitur eget ante quis nisl imperdiet luctus. Duis congue turpis nibh, ac euismod nulla malesuada eu. Nunc mattis felis quis aliquet mollis. Aliquam erat volutpat. Suspendisse potenti. Ut fermentum convallis aliquam. Nullam a luctus ligula. Class aptent taciti sociosqu ad litora torquent per conubia nostra, per inceptos himenaeos. Integer massa velit, ullamcorper at auctor a, dignissim gravida augue.', '1', '', '0'),
(21, 5, 'Lorem ipsum 18', '2020-05-03 22:05:56', '2020-05-07 21:45:59', 'http://alimsatimcim.com/mobil/240912590.jpg', 'Lorem ipsum dolor sit amet, consectetur adipiscing elit. Ut risus urna, mattis in dapibus ac, euismod sed enim. Pellentesque in cursus orci. Nunc nec risus eu turpis ullamcorper placerat. Suspendisse aliquam', 'Suspendisse a ipsum vestibulum, hendrerit velit et, elementum est. Morbi dictum purus eu mauris pretium auctor. Nulla vitae metus eget dui vestibulum maximus at a augue. Class aptent taciti sociosqu ad litora torquent per conubia nostra, per inceptos himenaeos. Donec scelerisque hendrerit nulla, id efficitur lacus posuere vitae. Class aptent taciti sociosqu ad litora torquent per conubia nostra, per inceptos himenaeos. Etiam nunc nunc, porttitor ac enim a, tempor mattis nunc. Duis tristique volutpat tempor. Fusce viverra elit non orci porttitor elementum.\r\n\r\nProin sed mollis lorem. Integer laoreet euismod nunc, in dictum nisl rutrum vel. Etiam rhoncus ornare nulla ut placerat. Vestibulum ante eros, faucibus sed orci vel, luctus lobortis leo. Proin id mauris et enim finibus tristique non at nisi. Nam tincidunt ultrices orci, non posuere erat tristique id. Praesent mauris quam, faucibus id diam at, interdum tincidunt nunc. Donec massa libero, fringilla sed est at, bibendum rhoncus nisl. Sed lectus justo, pulvinar ut ante ac, bibendum fermentum mi. Nullam a orci ut sapien malesuada rutrum. Cras ex metus, venenatis sit amet tristique a, laoreet ac diam. Donec lobortis sodales lorem a tincidunt. Cras ut hendrerit mauris. Nulla facilisi. Nam nec eros lobortis leo maximus mattis a a nulla. Etiam posuere, ante sit amet sagittis sollicitudin, diam elit laoreet neque, non sagittis mi leo quis massa.\r\n\r\nNullam urna augue, porttitor a tincidunt ac, bibendum et tellus. Integer faucibus odio eget dictum condimentum. Sed nisi dolor, congue volutpat suscipit ac, facilisis at orci. Nullam ultricies tellus orci, nec imperdiet felis dictum nec. Nullam condimentum blandit augue eget interdum. Praesent ullamcorper venenatis ante ac convallis. Curabitur eget ante quis nisl imperdiet luctus. Duis congue turpis nibh, ac euismod nulla malesuada eu. Nunc mattis felis quis aliquet mollis. Aliquam erat volutpat. Suspendisse potenti. Ut fermentum convallis aliquam. Nullam a luctus ligula. Class aptent taciti sociosqu ad litora torquent per conubia nostra, per inceptos himenaeos. Integer massa velit, ullamcorper at auctor a, dignissim gravida augue.', '1', '', '0'),
(22, 8, 'Lorem ipsum 19', '2020-05-03 22:05:56', '2020-05-07 21:45:59', 'http://alimsatimcim.com/mobil/240912590.jpg', 'Lorem ipsum dolor sit amet, consectetur adipiscing elit. Ut risus urna, mattis in dapibus ac, euismod sed enim. Pellentesque in cursus orci. Nunc nec risus eu turpis ullamcorper placerat. Suspendisse aliquam', 'Suspendisse a ipsum vestibulum, hendrerit velit et, elementum est. Morbi dictum purus eu mauris pretium auctor. Nulla vitae metus eget dui vestibulum maximus at a augue. Class aptent taciti sociosqu ad litora torquent per conubia nostra, per inceptos himenaeos. Donec scelerisque hendrerit nulla, id efficitur lacus posuere vitae. Class aptent taciti sociosqu ad litora torquent per conubia nostra, per inceptos himenaeos. Etiam nunc nunc, porttitor ac enim a, tempor mattis nunc. Duis tristique volutpat tempor. Fusce viverra elit non orci porttitor elementum.\r\n\r\nProin sed mollis lorem. Integer laoreet euismod nunc, in dictum nisl rutrum vel. Etiam rhoncus ornare nulla ut placerat. Vestibulum ante eros, faucibus sed orci vel, luctus lobortis leo. Proin id mauris et enim finibus tristique non at nisi. Nam tincidunt ultrices orci, non posuere erat tristique id. Praesent mauris quam, faucibus id diam at, interdum tincidunt nunc. Donec massa libero, fringilla sed est at, bibendum rhoncus nisl. Sed lectus justo, pulvinar ut ante ac, bibendum fermentum mi. Nullam a orci ut sapien malesuada rutrum. Cras ex metus, venenatis sit amet tristique a, laoreet ac diam. Donec lobortis sodales lorem a tincidunt. Cras ut hendrerit mauris. Nulla facilisi. Nam nec eros lobortis leo maximus mattis a a nulla. Etiam posuere, ante sit amet sagittis sollicitudin, diam elit laoreet neque, non sagittis mi leo quis massa.\r\n\r\nNullam urna augue, porttitor a tincidunt ac, bibendum et tellus. Integer faucibus odio eget dictum condimentum. Sed nisi dolor, congue volutpat suscipit ac, facilisis at orci. Nullam ultricies tellus orci, nec imperdiet felis dictum nec. Nullam condimentum blandit augue eget interdum. Praesent ullamcorper venenatis ante ac convallis. Curabitur eget ante quis nisl imperdiet luctus. Duis congue turpis nibh, ac euismod nulla malesuada eu. Nunc mattis felis quis aliquet mollis. Aliquam erat volutpat. Suspendisse potenti. Ut fermentum convallis aliquam. Nullam a luctus ligula. Class aptent taciti sociosqu ad litora torquent per conubia nostra, per inceptos himenaeos. Integer massa velit, ullamcorper at auctor a, dignissim gravida augue.', '1', '', '0');
INSERT INTO `products` (`urun_id`, `categoryId`, `productName`, `offerCreateTime`, `offerFinishedTime`, `productImage`, `productDescription`, `productSubDescription`, `urun_durum`, `urun_seourl`, `urun_onecikar`) VALUES
(23, 10, 'Lorem ipsum 20', '2020-05-03 22:05:56', '2020-05-07 21:45:59', 'http://alimsatimcim.com/mobil/240912590.jpg', 'Lorem ipsum dolor sit amet, consectetur adipiscing elit. Ut risus urna, mattis in dapibus ac, euismod sed enim. Pellentesque in cursus orci. Nunc nec risus eu turpis ullamcorper placerat. Suspendisse aliquam', 'Suspendisse a ipsum vestibulum, hendrerit velit et, elementum est. Morbi dictum purus eu mauris pretium auctor. Nulla vitae metus eget dui vestibulum maximus at a augue. Class aptent taciti sociosqu ad litora torquent per conubia nostra, per inceptos himenaeos. Donec scelerisque hendrerit nulla, id efficitur lacus posuere vitae. Class aptent taciti sociosqu ad litora torquent per conubia nostra, per inceptos himenaeos. Etiam nunc nunc, porttitor ac enim a, tempor mattis nunc. Duis tristique volutpat tempor. Fusce viverra elit non orci porttitor elementum.\r\n\r\nProin sed mollis lorem. Integer laoreet euismod nunc, in dictum nisl rutrum vel. Etiam rhoncus ornare nulla ut placerat. Vestibulum ante eros, faucibus sed orci vel, luctus lobortis leo. Proin id mauris et enim finibus tristique non at nisi. Nam tincidunt ultrices orci, non posuere erat tristique id. Praesent mauris quam, faucibus id diam at, interdum tincidunt nunc. Donec massa libero, fringilla sed est at, bibendum rhoncus nisl. Sed lectus justo, pulvinar ut ante ac, bibendum fermentum mi. Nullam a orci ut sapien malesuada rutrum. Cras ex metus, venenatis sit amet tristique a, laoreet ac diam. Donec lobortis sodales lorem a tincidunt. Cras ut hendrerit mauris. Nulla facilisi. Nam nec eros lobortis leo maximus mattis a a nulla. Etiam posuere, ante sit amet sagittis sollicitudin, diam elit laoreet neque, non sagittis mi leo quis massa.\r\n\r\nNullam urna augue, porttitor a tincidunt ac, bibendum et tellus. Integer faucibus odio eget dictum condimentum. Sed nisi dolor, congue volutpat suscipit ac, facilisis at orci. Nullam ultricies tellus orci, nec imperdiet felis dictum nec. Nullam condimentum blandit augue eget interdum. Praesent ullamcorper venenatis ante ac convallis. Curabitur eget ante quis nisl imperdiet luctus. Duis congue turpis nibh, ac euismod nulla malesuada eu. Nunc mattis felis quis aliquet mollis. Aliquam erat volutpat. Suspendisse potenti. Ut fermentum convallis aliquam. Nullam a luctus ligula. Class aptent taciti sociosqu ad litora torquent per conubia nostra, per inceptos himenaeos. Integer massa velit, ullamcorper at auctor a, dignissim gravida augue.', '1', '', '0'),
(24, 2, 'Lorem ipsum 21', '2020-05-03 22:05:56', '2020-05-07 21:45:59', 'http://alimsatimcim.com/mobil/240912590.jpg', 'Lorem ipsum dolor sit amet, consectetur adipiscing elit. Ut risus urna, mattis in dapibus ac, euismod sed enim. Pellentesque in cursus orci. Nunc nec risus eu turpis ullamcorper placerat. Suspendisse aliquam', 'Suspendisse a ipsum vestibulum, hendrerit velit et, elementum est. Morbi dictum purus eu mauris pretium auctor. Nulla vitae metus eget dui vestibulum maximus at a augue. Class aptent taciti sociosqu ad litora torquent per conubia nostra, per inceptos himenaeos. Donec scelerisque hendrerit nulla, id efficitur lacus posuere vitae. Class aptent taciti sociosqu ad litora torquent per conubia nostra, per inceptos himenaeos. Etiam nunc nunc, porttitor ac enim a, tempor mattis nunc. Duis tristique volutpat tempor. Fusce viverra elit non orci porttitor elementum.\r\n\r\nProin sed mollis lorem. Integer laoreet euismod nunc, in dictum nisl rutrum vel. Etiam rhoncus ornare nulla ut placerat. Vestibulum ante eros, faucibus sed orci vel, luctus lobortis leo. Proin id mauris et enim finibus tristique non at nisi. Nam tincidunt ultrices orci, non posuere erat tristique id. Praesent mauris quam, faucibus id diam at, interdum tincidunt nunc. Donec massa libero, fringilla sed est at, bibendum rhoncus nisl. Sed lectus justo, pulvinar ut ante ac, bibendum fermentum mi. Nullam a orci ut sapien malesuada rutrum. Cras ex metus, venenatis sit amet tristique a, laoreet ac diam. Donec lobortis sodales lorem a tincidunt. Cras ut hendrerit mauris. Nulla facilisi. Nam nec eros lobortis leo maximus mattis a a nulla. Etiam posuere, ante sit amet sagittis sollicitudin, diam elit laoreet neque, non sagittis mi leo quis massa.\r\n\r\nNullam urna augue, porttitor a tincidunt ac, bibendum et tellus. Integer faucibus odio eget dictum condimentum. Sed nisi dolor, congue volutpat suscipit ac, facilisis at orci. Nullam ultricies tellus orci, nec imperdiet felis dictum nec. Nullam condimentum blandit augue eget interdum. Praesent ullamcorper venenatis ante ac convallis. Curabitur eget ante quis nisl imperdiet luctus. Duis congue turpis nibh, ac euismod nulla malesuada eu. Nunc mattis felis quis aliquet mollis. Aliquam erat volutpat. Suspendisse potenti. Ut fermentum convallis aliquam. Nullam a luctus ligula. Class aptent taciti sociosqu ad litora torquent per conubia nostra, per inceptos himenaeos. Integer massa velit, ullamcorper at auctor a, dignissim gravida augue.', '1', '', '0'),
(25, 9, 'Lorem ipsum 22', '2020-05-03 22:05:56', '2020-05-07 21:45:59', 'http://alimsatimcim.com/mobil/240912590.jpg', 'Lorem ipsum dolor sit amet, consectetur adipiscing elit. Ut risus urna, mattis in dapibus ac, euismod sed enim. Pellentesque in cursus orci. Nunc nec risus eu turpis ullamcorper placerat. Suspendisse aliquam', 'Suspendisse a ipsum vestibulum, hendrerit velit et, elementum est. Morbi dictum purus eu mauris pretium auctor. Nulla vitae metus eget dui vestibulum maximus at a augue. Class aptent taciti sociosqu ad litora torquent per conubia nostra, per inceptos himenaeos. Donec scelerisque hendrerit nulla, id efficitur lacus posuere vitae. Class aptent taciti sociosqu ad litora torquent per conubia nostra, per inceptos himenaeos. Etiam nunc nunc, porttitor ac enim a, tempor mattis nunc. Duis tristique volutpat tempor. Fusce viverra elit non orci porttitor elementum.\r\n\r\nProin sed mollis lorem. Integer laoreet euismod nunc, in dictum nisl rutrum vel. Etiam rhoncus ornare nulla ut placerat. Vestibulum ante eros, faucibus sed orci vel, luctus lobortis leo. Proin id mauris et enim finibus tristique non at nisi. Nam tincidunt ultrices orci, non posuere erat tristique id. Praesent mauris quam, faucibus id diam at, interdum tincidunt nunc. Donec massa libero, fringilla sed est at, bibendum rhoncus nisl. Sed lectus justo, pulvinar ut ante ac, bibendum fermentum mi. Nullam a orci ut sapien malesuada rutrum. Cras ex metus, venenatis sit amet tristique a, laoreet ac diam. Donec lobortis sodales lorem a tincidunt. Cras ut hendrerit mauris. Nulla facilisi. Nam nec eros lobortis leo maximus mattis a a nulla. Etiam posuere, ante sit amet sagittis sollicitudin, diam elit laoreet neque, non sagittis mi leo quis massa.\r\n\r\nNullam urna augue, porttitor a tincidunt ac, bibendum et tellus. Integer faucibus odio eget dictum condimentum. Sed nisi dolor, congue volutpat suscipit ac, facilisis at orci. Nullam ultricies tellus orci, nec imperdiet felis dictum nec. Nullam condimentum blandit augue eget interdum. Praesent ullamcorper venenatis ante ac convallis. Curabitur eget ante quis nisl imperdiet luctus. Duis congue turpis nibh, ac euismod nulla malesuada eu. Nunc mattis felis quis aliquet mollis. Aliquam erat volutpat. Suspendisse potenti. Ut fermentum convallis aliquam. Nullam a luctus ligula. Class aptent taciti sociosqu ad litora torquent per conubia nostra, per inceptos himenaeos. Integer massa velit, ullamcorper at auctor a, dignissim gravida augue.', '1', '', '0'),
(26, 2, 'Lorem ipsum 23', '2020-05-03 22:05:56', '2020-05-07 21:45:59', 'http://alimsatimcim.com/mobil/240912590.jpg', 'Lorem ipsum dolor sit amet, consectetur adipiscing elit. Ut risus urna, mattis in dapibus ac, euismod sed enim. Pellentesque in cursus orci. Nunc nec risus eu turpis ullamcorper placerat. Suspendisse aliquam', 'Suspendisse a ipsum vestibulum, hendrerit velit et, elementum est. Morbi dictum purus eu mauris pretium auctor. Nulla vitae metus eget dui vestibulum maximus at a augue. Class aptent taciti sociosqu ad litora torquent per conubia nostra, per inceptos himenaeos. Donec scelerisque hendrerit nulla, id efficitur lacus posuere vitae. Class aptent taciti sociosqu ad litora torquent per conubia nostra, per inceptos himenaeos. Etiam nunc nunc, porttitor ac enim a, tempor mattis nunc. Duis tristique volutpat tempor. Fusce viverra elit non orci porttitor elementum.\r\n\r\nProin sed mollis lorem. Integer laoreet euismod nunc, in dictum nisl rutrum vel. Etiam rhoncus ornare nulla ut placerat. Vestibulum ante eros, faucibus sed orci vel, luctus lobortis leo. Proin id mauris et enim finibus tristique non at nisi. Nam tincidunt ultrices orci, non posuere erat tristique id. Praesent mauris quam, faucibus id diam at, interdum tincidunt nunc. Donec massa libero, fringilla sed est at, bibendum rhoncus nisl. Sed lectus justo, pulvinar ut ante ac, bibendum fermentum mi. Nullam a orci ut sapien malesuada rutrum. Cras ex metus, venenatis sit amet tristique a, laoreet ac diam. Donec lobortis sodales lorem a tincidunt. Cras ut hendrerit mauris. Nulla facilisi. Nam nec eros lobortis leo maximus mattis a a nulla. Etiam posuere, ante sit amet sagittis sollicitudin, diam elit laoreet neque, non sagittis mi leo quis massa.\r\n\r\nNullam urna augue, porttitor a tincidunt ac, bibendum et tellus. Integer faucibus odio eget dictum condimentum. Sed nisi dolor, congue volutpat suscipit ac, facilisis at orci. Nullam ultricies tellus orci, nec imperdiet felis dictum nec. Nullam condimentum blandit augue eget interdum. Praesent ullamcorper venenatis ante ac convallis. Curabitur eget ante quis nisl imperdiet luctus. Duis congue turpis nibh, ac euismod nulla malesuada eu. Nunc mattis felis quis aliquet mollis. Aliquam erat volutpat. Suspendisse potenti. Ut fermentum convallis aliquam. Nullam a luctus ligula. Class aptent taciti sociosqu ad litora torquent per conubia nostra, per inceptos himenaeos. Integer massa velit, ullamcorper at auctor a, dignissim gravida augue.', '1', '', '0'),
(27, 9, 'Lorem ipsum 24', '2020-05-03 22:05:56', '2020-05-07 21:45:59', 'http://alimsatimcim.com/mobil/240912590.jpg', 'Lorem ipsum dolor sit amet, consectetur adipiscing elit. Ut risus urna, mattis in dapibus ac, euismod sed enim. Pellentesque in cursus orci. Nunc nec risus eu turpis ullamcorper placerat. Suspendisse aliquam', 'Suspendisse a ipsum vestibulum, hendrerit velit et, elementum est. Morbi dictum purus eu mauris pretium auctor. Nulla vitae metus eget dui vestibulum maximus at a augue. Class aptent taciti sociosqu ad litora torquent per conubia nostra, per inceptos himenaeos. Donec scelerisque hendrerit nulla, id efficitur lacus posuere vitae. Class aptent taciti sociosqu ad litora torquent per conubia nostra, per inceptos himenaeos. Etiam nunc nunc, porttitor ac enim a, tempor mattis nunc. Duis tristique volutpat tempor. Fusce viverra elit non orci porttitor elementum.\r\n\r\nProin sed mollis lorem. Integer laoreet euismod nunc, in dictum nisl rutrum vel. Etiam rhoncus ornare nulla ut placerat. Vestibulum ante eros, faucibus sed orci vel, luctus lobortis leo. Proin id mauris et enim finibus tristique non at nisi. Nam tincidunt ultrices orci, non posuere erat tristique id. Praesent mauris quam, faucibus id diam at, interdum tincidunt nunc. Donec massa libero, fringilla sed est at, bibendum rhoncus nisl. Sed lectus justo, pulvinar ut ante ac, bibendum fermentum mi. Nullam a orci ut sapien malesuada rutrum. Cras ex metus, venenatis sit amet tristique a, laoreet ac diam. Donec lobortis sodales lorem a tincidunt. Cras ut hendrerit mauris. Nulla facilisi. Nam nec eros lobortis leo maximus mattis a a nulla. Etiam posuere, ante sit amet sagittis sollicitudin, diam elit laoreet neque, non sagittis mi leo quis massa.\r\n\r\nNullam urna augue, porttitor a tincidunt ac, bibendum et tellus. Integer faucibus odio eget dictum condimentum. Sed nisi dolor, congue volutpat suscipit ac, facilisis at orci. Nullam ultricies tellus orci, nec imperdiet felis dictum nec. Nullam condimentum blandit augue eget interdum. Praesent ullamcorper venenatis ante ac convallis. Curabitur eget ante quis nisl imperdiet luctus. Duis congue turpis nibh, ac euismod nulla malesuada eu. Nunc mattis felis quis aliquet mollis. Aliquam erat volutpat. Suspendisse potenti. Ut fermentum convallis aliquam. Nullam a luctus ligula. Class aptent taciti sociosqu ad litora torquent per conubia nostra, per inceptos himenaeos. Integer massa velit, ullamcorper at auctor a, dignissim gravida augue.', '0', 'lorem-ipsum-24', '0'),
(28, 2, 'Lorem ipsum 25', '2020-05-03 22:05:56', '2020-05-07 21:45:59', 'http://alimsatimcim.com/mobil/240912590.jpg', 'Lorem ipsum dolor sit amet, consectetur adipiscing elit. Ut risus urna, mattis in dapibus ac, euismod sed enim. Pellentesque in cursus orci. Nunc nec risus eu turpis ullamcorper placerat. Suspendisse aliquam', 'Suspendisse a ipsum vestibulum, hendrerit velit et, elementum est. Morbi dictum purus eu mauris pretium auctor. Nulla vitae metus eget dui vestibulum maximus at a augue. Class aptent taciti sociosqu ad litora torquent per conubia nostra, per inceptos himenaeos. Donec scelerisque hendrerit nulla, id efficitur lacus posuere vitae. Class aptent taciti sociosqu ad litora torquent per conubia nostra, per inceptos himenaeos. Etiam nunc nunc, porttitor ac enim a, tempor mattis nunc. Duis tristique volutpat tempor. Fusce viverra elit non orci porttitor elementum.\r\n\r\nProin sed mollis lorem. Integer laoreet euismod nunc, in dictum nisl rutrum vel. Etiam rhoncus ornare nulla ut placerat. Vestibulum ante eros, faucibus sed orci vel, luctus lobortis leo. Proin id mauris et enim finibus tristique non at nisi. Nam tincidunt ultrices orci, non posuere erat tristique id. Praesent mauris quam, faucibus id diam at, interdum tincidunt nunc. Donec massa libero, fringilla sed est at, bibendum rhoncus nisl. Sed lectus justo, pulvinar ut ante ac, bibendum fermentum mi. Nullam a orci ut sapien malesuada rutrum. Cras ex metus, venenatis sit amet tristique a, laoreet ac diam. Donec lobortis sodales lorem a tincidunt. Cras ut hendrerit mauris. Nulla facilisi. Nam nec eros lobortis leo maximus mattis a a nulla. Etiam posuere, ante sit amet sagittis sollicitudin, diam elit laoreet neque, non sagittis mi leo quis massa.\r\n\r\nNullam urna augue, porttitor a tincidunt ac, bibendum et tellus. Integer faucibus odio eget dictum condimentum. Sed nisi dolor, congue volutpat suscipit ac, facilisis at orci. Nullam ultricies tellus orci, nec imperdiet felis dictum nec. Nullam condimentum blandit augue eget interdum. Praesent ullamcorper venenatis ante ac convallis. Curabitur eget ante quis nisl imperdiet luctus. Duis congue turpis nibh, ac euismod nulla malesuada eu. Nunc mattis felis quis aliquet mollis. Aliquam erat volutpat. Suspendisse potenti. Ut fermentum convallis aliquam. Nullam a luctus ligula. Class aptent taciti sociosqu ad litora torquent per conubia nostra, per inceptos himenaeos. Integer massa velit, ullamcorper at auctor a, dignissim gravida augue.', '1', '', '0'),
(29, 6, 'feyza', '2021-08-21 00:00:00', '2020-08-08 21:48:59', NULL, 'sdxfnjsdf', NULL, '1', 'feyza', '0'),
(30, 1, 'fnb', '2021-09-02 00:00:00', '2021-09-05 00:00:00', NULL, 'deneme ürün', NULL, '1', 'fnb', '0'),
(32, 3, 'elek', '2021-08-25 00:00:00', '2021-08-29 00:00:00', NULL, 'elekelekekeleke', NULL, '1', 'elek', '0'),
(33, 7, 'plazmaplazma', '2021-08-26 00:00:00', '2021-08-17 00:00:00', NULL, 'lorem ipsum', NULL, '1', 'plazmaplazma', '0'),
(34, 11, 'Alüminyum Ürün', '2021-08-03 00:00:00', '2021-08-25 00:00:00', NULL, 'lorem lorem lorem', NULL, '1', 'aluminyum-urun', '0');

-- --------------------------------------------------------

--
-- Tablo için tablo yapısı `urunfoto`
--

DROP TABLE IF EXISTS `urunfoto`;
CREATE TABLE IF NOT EXISTS `urunfoto` (
  `urunfoto_id` int(11) NOT NULL AUTO_INCREMENT,
  `urun_id` int(11) NOT NULL,
  `urunfoto_resimyol` varchar(255) NOT NULL,
  `urunfoto_sira` int(2) DEFAULT NULL,
  PRIMARY KEY (`urunfoto_id`)
) ENGINE=InnoDB AUTO_INCREMENT=83 DEFAULT CHARSET=utf8;

--
-- Tablo döküm verisi `urunfoto`
--

INSERT INTO `urunfoto` (`urunfoto_id`, `urun_id`, `urunfoto_resimyol`, `urunfoto_sira`) VALUES
(75, 14, 'dimg/urun/3028930029224602605801.jpg', 0),
(76, 14, 'dimg/urun/2628227882265922002602.jpg', 0),
(77, 14, 'dimg/urun/2355525785226522672504.jpg', 0),
(78, 14, 'dimg/urun/2124722853312022825203.jpg', 0),
(79, 12, 'dimg/urun/27782307353056821218premium-egitim.jpg', 0);

--
-- Dökümü yapılmış tablolar için kısıtlamalar
--

--
-- Tablo kısıtlamaları `offers`
--
ALTER TABLE `offers`
  ADD CONSTRAINT `offers_ibfk_1` FOREIGN KEY (`productId`) REFERENCES `products` (`urun_id`);

--
-- Tablo kısıtlamaları `products`
--
ALTER TABLE `products`
  ADD CONSTRAINT `products_ibfk_1` FOREIGN KEY (`categoryId`) REFERENCES `productcategories` (`id`);
COMMIT;

/*!40101 SET CHARACTER_SET_CLIENT=@OLD_CHARACTER_SET_CLIENT */;
/*!40101 SET CHARACTER_SET_RESULTS=@OLD_CHARACTER_SET_RESULTS */;
/*!40101 SET COLLATION_CONNECTION=@OLD_COLLATION_CONNECTION */;
